uid,local_path
d210ff8277ae4fbfb3334ede70614b06,C:\Users\L-F6404-N10259\.objaverse\hf-objaverse-v1\glbs/000-144/d210ff8277ae4fbfb3334ede70614b06.glb
06024979a503424f99b23e00bba766d1,C:\Users\L-F6404-N10259\.objaverse\hf-objaverse-v1\glbs/000-035/06024979a503424f99b23e00bba766d1.glb
9b1e09abe5e34d6397937ebf59901898,C:\Users\L-F6404-N10259\.objaverse\hf-objaverse-v1\glbs/000-017/9b1e09abe5e34d6397937ebf59901898.glb
6d8c8c2a8c244a9bbc0651b884afad73,C:\Users\L-F6404-N10259\.objaverse\hf-objaverse-v1\glbs/000-085/6d8c8c2a8c244a9bbc0651b884afad73.glb
68b8e6802a244470b4051eb192d99a9a,C:\Users\L-F6404-N10259\.objaverse\hf-objaverse-v1\glbs/000-076/68b8e6802a244470b4051eb192d99a9a.glb
5979a6cd55854243abbd5554d309f073,C:\Users\L-F6404-N10259\.objaverse\hf-objaverse-v1\glbs/000-040/5979a6cd55854243abbd5554d309f073.glb
1582bd8176654bb98871b8c20ae94a72,C:\Users\L-F6404-N10259\.objaverse\hf-objaverse-v1\glbs/000-034/1582bd8176654bb98871b8c20ae94a72.glb
e7f4c701048f4dcbb2b24a57c357ffa9,C:\Users\L-F6404-N10259\.objaverse\hf-objaverse-v1\glbs/000-108/e7f4c701048f4dcbb2b24a57c357ffa9.glb
42da0122f2134a189767d0911b401c1c,C:\Users\L-F6404-N10259\.objaverse\hf-objaverse-v1\glbs/000-091/42da0122f2134a189767d0911b401c1c.glb
4abe2daea9024870ab2eed8298dfc077,C:\Users\L-F6404-N10259\.objaverse\hf-objaverse-v1\glbs/000-154/4abe2daea9024870ab2eed8298dfc077.glb
f8def3c5f656454c935fe3d626ed9fab,C:\Users\L-F6404-N10259\.objaverse\hf-objaverse-v1\glbs/000-116/f8def3c5f656454c935fe3d626ed9fab.glb
493cf761ada14c0bbc1f5b71369d8d93,C:\Users\L-F6404-N10259\.objaverse\hf-objaverse-v1\glbs/000-120/493cf761ada14c0bbc1f5b71369d8d93.glb
ff2cd3eff128404883fc40e3792f3b43,C:\Users\L-F6404-N10259\.objaverse\hf-objaverse-v1\glbs/000-158/ff2cd3eff128404883fc40e3792f3b43.glb
5ec9697d85654005b27fd29bd6df987e,C:\Users\L-F6404-N10259\.objaverse\hf-objaverse-v1\glbs/000-034/5ec9697d85654005b27fd29bd6df987e.glb
104ac40ef3ad4dac8079a11548c470e7,C:\Users\L-F6404-N10259\.objaverse\hf-objaverse-v1\glbs/000-067/104ac40ef3ad4dac8079a11548c470e7.glb
37c1b68a67d44385a435ecda1281f708,C:\Users\L-F6404-N10259\.objaverse\hf-objaverse-v1\glbs/000-106/37c1b68a67d44385a435ecda1281f708.glb
9c242421a7c1447f941f72b57e7473e5,C:\Users\L-F6404-N10259\.objaverse\hf-objaverse-v1\glbs/000-069/9c242421a7c1447f941f72b57e7473e5.glb
9dbe5e77569c482fa42d708c75154a29,C:\Users\L-F6404-N10259\.objaverse\hf-objaverse-v1\glbs/000-030/9dbe5e77569c482fa42d708c75154a29.glb
5b86aa664756441d82a4a9d9bd32ed92,C:\Users\L-F6404-N10259\.objaverse\hf-objaverse-v1\glbs/000-074/5b86aa664756441d82a4a9d9bd32ed92.glb
1ae202f921bd48e6863a01a93744e499,C:\Users\L-F6404-N10259\.objaverse\hf-objaverse-v1\glbs/000-085/1ae202f921bd48e6863a01a93744e499.glb
568b86decd564fddab54aad4000e4785,C:\Users\L-F6404-N10259\.objaverse\hf-objaverse-v1\glbs/000-157/568b86decd564fddab54aad4000e4785.glb
b5dd725f6bee4a41bdbeec3d3ca51cd2,C:\Users\L-F6404-N10259\.objaverse\hf-objaverse-v1\glbs/000-037/b5dd725f6bee4a41bdbeec3d3ca51cd2.glb
d41ef98dbadc4d1fa49c2adc715c3fe6,C:\Users\L-F6404-N10259\.objaverse\hf-objaverse-v1\glbs/000-037/d41ef98dbadc4d1fa49c2adc715c3fe6.glb
0eb6c94aa40c41b480cf35de229e8e88,C:\Users\L-F6404-N10259\.objaverse\hf-objaverse-v1\glbs/000-027/0eb6c94aa40c41b480cf35de229e8e88.glb
2adc430b322c4130bdaadc4f9c92886c,C:\Users\L-F6404-N10259\.objaverse\hf-objaverse-v1\glbs/000-010/2adc430b322c4130bdaadc4f9c92886c.glb
a4c4e43e911e4a7fa0cc2617a0697eef,C:\Users\L-F6404-N10259\.objaverse\hf-objaverse-v1\glbs/000-096/a4c4e43e911e4a7fa0cc2617a0697eef.glb
a82cf2f38ca549ed87982f422b9fb092,C:\Users\L-F6404-N10259\.objaverse\hf-objaverse-v1\glbs/000-011/a82cf2f38ca549ed87982f422b9fb092.glb
f0ff385edd4f4a9ebac56d755c2f6634,C:\Users\L-F6404-N10259\.objaverse\hf-objaverse-v1\glbs/000-075/f0ff385edd4f4a9ebac56d755c2f6634.glb
1a6a02daf9a84b108e437f75fdcab2f7,C:\Users\L-F6404-N10259\.objaverse\hf-objaverse-v1\glbs/000-013/1a6a02daf9a84b108e437f75fdcab2f7.glb
207cea3239944c91ab111ca8ee244024,C:\Users\L-F6404-N10259\.objaverse\hf-objaverse-v1\glbs/000-081/207cea3239944c91ab111ca8ee244024.glb
d90e4353ae7047e0b4f37abc8bc58468,C:\Users\L-F6404-N10259\.objaverse\hf-objaverse-v1\glbs/000-072/d90e4353ae7047e0b4f37abc8bc58468.glb
b1155b5ebd7c478bb0d35747c2211e5f,C:\Users\L-F6404-N10259\.objaverse\hf-objaverse-v1\glbs/000-076/b1155b5ebd7c478bb0d35747c2211e5f.glb
b405dd9808a04d92b416a02d017c2ff9,C:\Users\L-F6404-N10259\.objaverse\hf-objaverse-v1\glbs/000-068/b405dd9808a04d92b416a02d017c2ff9.glb
82a393a6680745ae8f189e24d41b817a,C:\Users\L-F6404-N10259\.objaverse\hf-objaverse-v1\glbs/000-095/82a393a6680745ae8f189e24d41b817a.glb
c2414bdd1a3e4604a011c7889983c0dd,C:\Users\L-F6404-N10259\.objaverse\hf-objaverse-v1\glbs/000-127/c2414bdd1a3e4604a011c7889983c0dd.glb
736e3ea67480426da4013dbca5fb8d20,C:\Users\L-F6404-N10259\.objaverse\hf-objaverse-v1\glbs/000-004/736e3ea67480426da4013dbca5fb8d20.glb
072d0468bb97447ab1ca7e3edea25f1f,C:\Users\L-F6404-N10259\.objaverse\hf-objaverse-v1\glbs/000-073/072d0468bb97447ab1ca7e3edea25f1f.glb
9a2c5ed79d634a61b1166836a8a5530f,C:\Users\L-F6404-N10259\.objaverse\hf-objaverse-v1\glbs/000-040/9a2c5ed79d634a61b1166836a8a5530f.glb
4c9549644f6b477d991f16a26e442935,C:\Users\L-F6404-N10259\.objaverse\hf-objaverse-v1\glbs/000-103/4c9549644f6b477d991f16a26e442935.glb
2aef33f2add148a7af1cadfeea487dd0,C:\Users\L-F6404-N10259\.objaverse\hf-objaverse-v1\glbs/000-101/2aef33f2add148a7af1cadfeea487dd0.glb
bd6cd4c1504341d7ba1dc0d6678f3421,C:\Users\L-F6404-N10259\.objaverse\hf-objaverse-v1\glbs/000-025/bd6cd4c1504341d7ba1dc0d6678f3421.glb
482c5168f1694911b597c81f3d0c73b1,C:\Users\L-F6404-N10259\.objaverse\hf-objaverse-v1\glbs/000-070/482c5168f1694911b597c81f3d0c73b1.glb
8096984ae8734db9bfa5dedf89c175a7,C:\Users\L-F6404-N10259\.objaverse\hf-objaverse-v1\glbs/000-031/8096984ae8734db9bfa5dedf89c175a7.glb
690551ea0f054aa48ebfb0b63f7c153a,C:\Users\L-F6404-N10259\.objaverse\hf-objaverse-v1\glbs/000-047/690551ea0f054aa48ebfb0b63f7c153a.glb
46e87a7edb4f4c3ea685ff3a88a325c5,C:\Users\L-F6404-N10259\.objaverse\hf-objaverse-v1\glbs/000-139/46e87a7edb4f4c3ea685ff3a88a325c5.glb
a0d66f10a850469c9cb04c3cecc62a05,C:\Users\L-F6404-N10259\.objaverse\hf-objaverse-v1\glbs/000-116/a0d66f10a850469c9cb04c3cecc62a05.glb
929ac6fbe0ae4471b3a4f71b748a2efd,C:\Users\L-F6404-N10259\.objaverse\hf-objaverse-v1\glbs/000-105/929ac6fbe0ae4471b3a4f71b748a2efd.glb
ef3630e58a3e432db2745cc4207a425b,C:\Users\L-F6404-N10259\.objaverse\hf-objaverse-v1\glbs/000-092/ef3630e58a3e432db2745cc4207a425b.glb
fbadc209177641978444636641a6d515,C:\Users\L-F6404-N10259\.objaverse\hf-objaverse-v1\glbs/000-089/fbadc209177641978444636641a6d515.glb
ae3727ae2a974eb0aef1f42a11d5ec2a,C:\Users\L-F6404-N10259\.objaverse\hf-objaverse-v1\glbs/000-103/ae3727ae2a974eb0aef1f42a11d5ec2a.glb
77c0313ad21144dcb904915d66a163b3,C:\Users\L-F6404-N10259\.objaverse\hf-objaverse-v1\glbs/000-131/77c0313ad21144dcb904915d66a163b3.glb
4187c26ebd76413181528663df783a26,C:\Users\L-F6404-N10259\.objaverse\hf-objaverse-v1\glbs/000-148/4187c26ebd76413181528663df783a26.glb
eae19856cb164b0cb2abddcc2e3ae3e9,C:\Users\L-F6404-N10259\.objaverse\hf-objaverse-v1\glbs/000-064/eae19856cb164b0cb2abddcc2e3ae3e9.glb
1653db41973e466ebd90f91d8dfdda29,C:\Users\L-F6404-N10259\.objaverse\hf-objaverse-v1\glbs/000-049/1653db41973e466ebd90f91d8dfdda29.glb
a625bc7cb2cc4ac2ae4c214489fb5f84,C:\Users\L-F6404-N10259\.objaverse\hf-objaverse-v1\glbs/000-135/a625bc7cb2cc4ac2ae4c214489fb5f84.glb
d3d735e368624641904f4472d4e92bc6,C:\Users\L-F6404-N10259\.objaverse\hf-objaverse-v1\glbs/000-068/d3d735e368624641904f4472d4e92bc6.glb
75aa9519195647d99cf1e2d4863dbe87,C:\Users\L-F6404-N10259\.objaverse\hf-objaverse-v1\glbs/000-009/75aa9519195647d99cf1e2d4863dbe87.glb
4939d1bca386405f9cc22c48441b63de,C:\Users\L-F6404-N10259\.objaverse\hf-objaverse-v1\glbs/000-016/4939d1bca386405f9cc22c48441b63de.glb
7a545709aa98429a9b30f812f70193f7,C:\Users\L-F6404-N10259\.objaverse\hf-objaverse-v1\glbs/000-036/7a545709aa98429a9b30f812f70193f7.glb
76cd51452a734f209d52c259ff39d1e4,C:\Users\L-F6404-N10259\.objaverse\hf-objaverse-v1\glbs/000-086/76cd51452a734f209d52c259ff39d1e4.glb
b43c45317fd74a4aa9ba443b9a355ea3,C:\Users\L-F6404-N10259\.objaverse\hf-objaverse-v1\glbs/000-157/b43c45317fd74a4aa9ba443b9a355ea3.glb
6c5ac2547db34c3c81b2e4808b000386,C:\Users\L-F6404-N10259\.objaverse\hf-objaverse-v1\glbs/000-022/6c5ac2547db34c3c81b2e4808b000386.glb
210cbdfe3b254964816edef01755ad7e,C:\Users\L-F6404-N10259\.objaverse\hf-objaverse-v1\glbs/000-145/210cbdfe3b254964816edef01755ad7e.glb
244a639e6ece4777b1ca836e40ffe3be,C:\Users\L-F6404-N10259\.objaverse\hf-objaverse-v1\glbs/000-151/244a639e6ece4777b1ca836e40ffe3be.glb
0f03bd5af28544f18410a341ff541168,C:\Users\L-F6404-N10259\.objaverse\hf-objaverse-v1\glbs/000-080/0f03bd5af28544f18410a341ff541168.glb
aa9a7f23471a4bb6b461d5240c2bf1a7,C:\Users\L-F6404-N10259\.objaverse\hf-objaverse-v1\glbs/000-094/aa9a7f23471a4bb6b461d5240c2bf1a7.glb
50a67b795360417393625f35e97e2331,C:\Users\L-F6404-N10259\.objaverse\hf-objaverse-v1\glbs/000-024/50a67b795360417393625f35e97e2331.glb
b8792d1b3acf4081b0f173497d19d08b,C:\Users\L-F6404-N10259\.objaverse\hf-objaverse-v1\glbs/000-111/b8792d1b3acf4081b0f173497d19d08b.glb
5971be37036848c6aa745ee41f4802bb,C:\Users\L-F6404-N10259\.objaverse\hf-objaverse-v1\glbs/000-154/5971be37036848c6aa745ee41f4802bb.glb
b37db59c7cce46b2a3e40969e6797117,C:\Users\L-F6404-N10259\.objaverse\hf-objaverse-v1\glbs/000-040/b37db59c7cce46b2a3e40969e6797117.glb
ea5754be593d4f82a9dc6e1a2e06e51b,C:\Users\L-F6404-N10259\.objaverse\hf-objaverse-v1\glbs/000-029/ea5754be593d4f82a9dc6e1a2e06e51b.glb
8c18d26983f2457b9377ebbe66a4c8aa,C:\Users\L-F6404-N10259\.objaverse\hf-objaverse-v1\glbs/000-121/8c18d26983f2457b9377ebbe66a4c8aa.glb
71af93b1d15f4f48ad836d36110626f7,C:\Users\L-F6404-N10259\.objaverse\hf-objaverse-v1\glbs/000-098/71af93b1d15f4f48ad836d36110626f7.glb
712dfa3d9bb24d55bf5daa02929473db,C:\Users\L-F6404-N10259\.objaverse\hf-objaverse-v1\glbs/000-080/712dfa3d9bb24d55bf5daa02929473db.glb
520243df8f944a6bbbb31a4c24a22cf6,C:\Users\L-F6404-N10259\.objaverse\hf-objaverse-v1\glbs/000-110/520243df8f944a6bbbb31a4c24a22cf6.glb
961af2daa6344e4fba0c7a4c92ff91f8,C:\Users\L-F6404-N10259\.objaverse\hf-objaverse-v1\glbs/000-040/961af2daa6344e4fba0c7a4c92ff91f8.glb
636b75352a134e07b26992c44383014e,C:\Users\L-F6404-N10259\.objaverse\hf-objaverse-v1\glbs/000-151/636b75352a134e07b26992c44383014e.glb
3049fcce9cfd4bf4a164398966b3fd7d,C:\Users\L-F6404-N10259\.objaverse\hf-objaverse-v1\glbs/000-032/3049fcce9cfd4bf4a164398966b3fd7d.glb
14791efb33314b02ac5ac74b47c36d14,C:\Users\L-F6404-N10259\.objaverse\hf-objaverse-v1\glbs/000-119/14791efb33314b02ac5ac74b47c36d14.glb
767f795eb4a649c3a16209a2614635cb,C:\Users\L-F6404-N10259\.objaverse\hf-objaverse-v1\glbs/000-041/767f795eb4a649c3a16209a2614635cb.glb
3811ef0ceec64791bf8a52980928d0b7,C:\Users\L-F6404-N10259\.objaverse\hf-objaverse-v1\glbs/000-009/3811ef0ceec64791bf8a52980928d0b7.glb
7529a61d0cc043fd81ff986b8a8ad784,C:\Users\L-F6404-N10259\.objaverse\hf-objaverse-v1\glbs/000-057/7529a61d0cc043fd81ff986b8a8ad784.glb
fcafeb1ca1d84ad4bf71222a430d8c93,C:\Users\L-F6404-N10259\.objaverse\hf-objaverse-v1\glbs/000-017/fcafeb1ca1d84ad4bf71222a430d8c93.glb
66b83fb8729948e9955cac4754ccd132,C:\Users\L-F6404-N10259\.objaverse\hf-objaverse-v1\glbs/000-072/66b83fb8729948e9955cac4754ccd132.glb
ecf7e409454d450cbde731259a51bbd5,C:\Users\L-F6404-N10259\.objaverse\hf-objaverse-v1\glbs/000-001/ecf7e409454d450cbde731259a51bbd5.glb
eb4a9828d3084b34bfc4275c9176c176,C:\Users\L-F6404-N10259\.objaverse\hf-objaverse-v1\glbs/000-023/eb4a9828d3084b34bfc4275c9176c176.glb
22f7121cab3a4d1eba0dd05db5ad9642,C:\Users\L-F6404-N10259\.objaverse\hf-objaverse-v1\glbs/000-030/22f7121cab3a4d1eba0dd05db5ad9642.glb
caaf76f4506f4b01a2dffb553bae9342,C:\Users\L-F6404-N10259\.objaverse\hf-objaverse-v1\glbs/000-097/caaf76f4506f4b01a2dffb553bae9342.glb
9f6ec1995c3f4b0bbd3a990033890f3c,C:\Users\L-F6404-N10259\.objaverse\hf-objaverse-v1\glbs/000-045/9f6ec1995c3f4b0bbd3a990033890f3c.glb
67e718a0fc904487a9f735892d9834d3,C:\Users\L-F6404-N10259\.objaverse\hf-objaverse-v1\glbs/000-008/67e718a0fc904487a9f735892d9834d3.glb
87eab647ca624962a7c178c0105643aa,C:\Users\L-F6404-N10259\.objaverse\hf-objaverse-v1\glbs/000-130/87eab647ca624962a7c178c0105643aa.glb
2b808687faa541dcb5a1987cea250c73,C:\Users\L-F6404-N10259\.objaverse\hf-objaverse-v1\glbs/000-011/2b808687faa541dcb5a1987cea250c73.glb
9fbfde79f5154d28a921b2d8a51b45d5,C:\Users\L-F6404-N10259\.objaverse\hf-objaverse-v1\glbs/000-034/9fbfde79f5154d28a921b2d8a51b45d5.glb
3d42390fa27748f6818a85182595a69c,C:\Users\L-F6404-N10259\.objaverse\hf-objaverse-v1\glbs/000-144/3d42390fa27748f6818a85182595a69c.glb
cafa12d984664b4e96f6fa442faed938,C:\Users\L-F6404-N10259\.objaverse\hf-objaverse-v1\glbs/000-113/cafa12d984664b4e96f6fa442faed938.glb
97c1c0c9ec6e49b993b37efca14fa830,C:\Users\L-F6404-N10259\.objaverse\hf-objaverse-v1\glbs/000-145/97c1c0c9ec6e49b993b37efca14fa830.glb
c3af7308a0a94b4cb912ebb3bde8ad2e,C:\Users\L-F6404-N10259\.objaverse\hf-objaverse-v1\glbs/000-144/c3af7308a0a94b4cb912ebb3bde8ad2e.glb
f2ddc3ff108f4fbfb71bea165d9a964d,C:\Users\L-F6404-N10259\.objaverse\hf-objaverse-v1\glbs/000-070/f2ddc3ff108f4fbfb71bea165d9a964d.glb
2c4cc834436e405a9159000c54e3e82d,C:\Users\L-F6404-N10259\.objaverse\hf-objaverse-v1\glbs/000-126/2c4cc834436e405a9159000c54e3e82d.glb
79352b3e61f14da09d6adf24f43c6992,C:\Users\L-F6404-N10259\.objaverse\hf-objaverse-v1\glbs/000-052/79352b3e61f14da09d6adf24f43c6992.glb
88092301a90f45bf8e31752fc8d28797,C:\Users\L-F6404-N10259\.objaverse\hf-objaverse-v1\glbs/000-079/88092301a90f45bf8e31752fc8d28797.glb
3605575081e146fbb846eb604f33a604,C:\Users\L-F6404-N10259\.objaverse\hf-objaverse-v1\glbs/000-047/3605575081e146fbb846eb604f33a604.glb
a3c221e5504d40a8ba019f8f1bf5ab0e,C:\Users\L-F6404-N10259\.objaverse\hf-objaverse-v1\glbs/000-089/a3c221e5504d40a8ba019f8f1bf5ab0e.glb
a73426836efc4ebb86786f265c871875,C:\Users\L-F6404-N10259\.objaverse\hf-objaverse-v1\glbs/000-132/a73426836efc4ebb86786f265c871875.glb
f81c236de36e4caa80f191a302b228be,C:\Users\L-F6404-N10259\.objaverse\hf-objaverse-v1\glbs/000-082/f81c236de36e4caa80f191a302b228be.glb
030019585a6e4f79bbc3d7c10a3a31db,C:\Users\L-F6404-N10259\.objaverse\hf-objaverse-v1\glbs/000-000/030019585a6e4f79bbc3d7c10a3a31db.glb
79a619a8e522469d9aed2f426cda3d86,C:\Users\L-F6404-N10259\.objaverse\hf-objaverse-v1\glbs/000-027/79a619a8e522469d9aed2f426cda3d86.glb
dc1615bd22ea472ea732bdfdbfa2cae4,C:\Users\L-F6404-N10259\.objaverse\hf-objaverse-v1\glbs/000-098/dc1615bd22ea472ea732bdfdbfa2cae4.glb
f0ba5dbf90134d39bb1839770f4e88c9,C:\Users\L-F6404-N10259\.objaverse\hf-objaverse-v1\glbs/000-068/f0ba5dbf90134d39bb1839770f4e88c9.glb
cfbcb02c981e4a6c92b6c86fb5ced91d,C:\Users\L-F6404-N10259\.objaverse\hf-objaverse-v1\glbs/000-040/cfbcb02c981e4a6c92b6c86fb5ced91d.glb
373fda1045994c07aa3a5e8b7a6d57b6,C:\Users\L-F6404-N10259\.objaverse\hf-objaverse-v1\glbs/000-156/373fda1045994c07aa3a5e8b7a6d57b6.glb
65e7074ec8fa41f6a865569c288d6be8,C:\Users\L-F6404-N10259\.objaverse\hf-objaverse-v1\glbs/000-032/65e7074ec8fa41f6a865569c288d6be8.glb
0de6cd8ef5224f7397b9b06083d191fd,C:\Users\L-F6404-N10259\.objaverse\hf-objaverse-v1\glbs/000-154/0de6cd8ef5224f7397b9b06083d191fd.glb
547d76739b3a423b89f51e810fa69a4c,C:\Users\L-F6404-N10259\.objaverse\hf-objaverse-v1\glbs/000-149/547d76739b3a423b89f51e810fa69a4c.glb
90c9d43d35d24cada6be59424fb59eee,C:\Users\L-F6404-N10259\.objaverse\hf-objaverse-v1\glbs/000-073/90c9d43d35d24cada6be59424fb59eee.glb
39498c5ba771460cad3caf12b2ac2f92,C:\Users\L-F6404-N10259\.objaverse\hf-objaverse-v1\glbs/000-042/39498c5ba771460cad3caf12b2ac2f92.glb
07a61d5d2ddf433ab56acb888d871432,C:\Users\L-F6404-N10259\.objaverse\hf-objaverse-v1\glbs/000-145/07a61d5d2ddf433ab56acb888d871432.glb
d53c18fe16c6454988c391602d11eff2,C:\Users\L-F6404-N10259\.objaverse\hf-objaverse-v1\glbs/000-088/d53c18fe16c6454988c391602d11eff2.glb
f1978fa3192d499db7233e900f43acdf,C:\Users\L-F6404-N10259\.objaverse\hf-objaverse-v1\glbs/000-063/f1978fa3192d499db7233e900f43acdf.glb
a9ed7b1e55824b37b7e5eabdba6545ff,C:\Users\L-F6404-N10259\.objaverse\hf-objaverse-v1\glbs/000-152/a9ed7b1e55824b37b7e5eabdba6545ff.glb
9c5db5a2d10c4dd59c5be947187ce367,C:\Users\L-F6404-N10259\.objaverse\hf-objaverse-v1\glbs/000-106/9c5db5a2d10c4dd59c5be947187ce367.glb
b7a7e3e9194847a99aea5828abe57c4c,C:\Users\L-F6404-N10259\.objaverse\hf-objaverse-v1\glbs/000-095/b7a7e3e9194847a99aea5828abe57c4c.glb
a5ea47eb11f24bc6a4d4e47caa30b6dd,C:\Users\L-F6404-N10259\.objaverse\hf-objaverse-v1\glbs/000-033/a5ea47eb11f24bc6a4d4e47caa30b6dd.glb
9df575f5d85945129e4c73248b2cbbcf,C:\Users\L-F6404-N10259\.objaverse\hf-objaverse-v1\glbs/000-097/9df575f5d85945129e4c73248b2cbbcf.glb
0fc4281624ec4fdfa8cb8476b6b939bb,C:\Users\L-F6404-N10259\.objaverse\hf-objaverse-v1\glbs/000-073/0fc4281624ec4fdfa8cb8476b6b939bb.glb
2554c38364d0432dba69bf721fb14e5e,C:\Users\L-F6404-N10259\.objaverse\hf-objaverse-v1\glbs/000-021/2554c38364d0432dba69bf721fb14e5e.glb
4d1a87ccb2024822a661fa3542b6fd1c,C:\Users\L-F6404-N10259\.objaverse\hf-objaverse-v1\glbs/000-041/4d1a87ccb2024822a661fa3542b6fd1c.glb
18c9781b883846fc9eaab6b2cfa8a654,C:\Users\L-F6404-N10259\.objaverse\hf-objaverse-v1\glbs/000-157/18c9781b883846fc9eaab6b2cfa8a654.glb
d98a52d836a942fb9322fecf95c31ed1,C:\Users\L-F6404-N10259\.objaverse\hf-objaverse-v1\glbs/000-116/d98a52d836a942fb9322fecf95c31ed1.glb
98dc3a40ca4743f29ca31acf6da5d31f,C:\Users\L-F6404-N10259\.objaverse\hf-objaverse-v1\glbs/000-065/98dc3a40ca4743f29ca31acf6da5d31f.glb
1bf163160fa34a2bac8c9c6218675478,C:\Users\L-F6404-N10259\.objaverse\hf-objaverse-v1\glbs/000-110/1bf163160fa34a2bac8c9c6218675478.glb
de9d6291c2a145c79485f2ac0cdaf43d,C:\Users\L-F6404-N10259\.objaverse\hf-objaverse-v1\glbs/000-135/de9d6291c2a145c79485f2ac0cdaf43d.glb
2dd0cc6b57dd4042b5f28153022e5810,C:\Users\L-F6404-N10259\.objaverse\hf-objaverse-v1\glbs/000-025/2dd0cc6b57dd4042b5f28153022e5810.glb
8e6534b3df8c4bab973f27c67b2dac36,C:\Users\L-F6404-N10259\.objaverse\hf-objaverse-v1\glbs/000-103/8e6534b3df8c4bab973f27c67b2dac36.glb
3fdd9bea8f0b4a8aa4fc380cd614218f,C:\Users\L-F6404-N10259\.objaverse\hf-objaverse-v1\glbs/000-107/3fdd9bea8f0b4a8aa4fc380cd614218f.glb
2e24c83d4d354f90abf93148ce57914d,C:\Users\L-F6404-N10259\.objaverse\hf-objaverse-v1\glbs/000-047/2e24c83d4d354f90abf93148ce57914d.glb
3174abaad33740ce83debf88df53f5b1,C:\Users\L-F6404-N10259\.objaverse\hf-objaverse-v1\glbs/000-022/3174abaad33740ce83debf88df53f5b1.glb
ade4d25315af4126b34b472817c9d079,C:\Users\L-F6404-N10259\.objaverse\hf-objaverse-v1\glbs/000-066/ade4d25315af4126b34b472817c9d079.glb
b1a6eed00f1246d9b8f8f08003c59362,C:\Users\L-F6404-N10259\.objaverse\hf-objaverse-v1\glbs/000-130/b1a6eed00f1246d9b8f8f08003c59362.glb
eafb40f6c55c4187988e8f6de625968d,C:\Users\L-F6404-N10259\.objaverse\hf-objaverse-v1\glbs/000-130/eafb40f6c55c4187988e8f6de625968d.glb
e78653b4e7b34e4dbadfd07d09a56694,C:\Users\L-F6404-N10259\.objaverse\hf-objaverse-v1\glbs/000-123/e78653b4e7b34e4dbadfd07d09a56694.glb
efeb40afeee243d4b02335ee72edbc8c,C:\Users\L-F6404-N10259\.objaverse\hf-objaverse-v1\glbs/000-142/efeb40afeee243d4b02335ee72edbc8c.glb
634fa1602d8f44e7a8e3868fb02c6d39,C:\Users\L-F6404-N10259\.objaverse\hf-objaverse-v1\glbs/000-003/634fa1602d8f44e7a8e3868fb02c6d39.glb
d013255803574a59b80d947b49f12f7c,C:\Users\L-F6404-N10259\.objaverse\hf-objaverse-v1\glbs/000-005/d013255803574a59b80d947b49f12f7c.glb
244e006c51f94c63a95d501de5b62360,C:\Users\L-F6404-N10259\.objaverse\hf-objaverse-v1\glbs/000-081/244e006c51f94c63a95d501de5b62360.glb
64edd65e1ec7492ebb7c1a8b0cb1f5eb,C:\Users\L-F6404-N10259\.objaverse\hf-objaverse-v1\glbs/000-067/64edd65e1ec7492ebb7c1a8b0cb1f5eb.glb
b157b443415348b29e9e7123888626ae,C:\Users\L-F6404-N10259\.objaverse\hf-objaverse-v1\glbs/000-117/b157b443415348b29e9e7123888626ae.glb
a7fdd4d4ca904fadbab050762a30950d,C:\Users\L-F6404-N10259\.objaverse\hf-objaverse-v1\glbs/000-090/a7fdd4d4ca904fadbab050762a30950d.glb
edefacdeb3914bc0839bb11050aef305,C:\Users\L-F6404-N10259\.objaverse\hf-objaverse-v1\glbs/000-023/edefacdeb3914bc0839bb11050aef305.glb
79dab0ecc4dc49d9b41d86c62871c5ca,C:\Users\L-F6404-N10259\.objaverse\hf-objaverse-v1\glbs/000-011/79dab0ecc4dc49d9b41d86c62871c5ca.glb
b930438e1f804c409fd9c3f5e4b01628,C:\Users\L-F6404-N10259\.objaverse\hf-objaverse-v1\glbs/000-076/b930438e1f804c409fd9c3f5e4b01628.glb
592e740e6310420e957657c16d830102,C:\Users\L-F6404-N10259\.objaverse\hf-objaverse-v1\glbs/000-026/592e740e6310420e957657c16d830102.glb
6e67803ed20b4f9e91c5267290a83ee5,C:\Users\L-F6404-N10259\.objaverse\hf-objaverse-v1\glbs/000-080/6e67803ed20b4f9e91c5267290a83ee5.glb
12e296976e184090a6d7d8f22b19b4f3,C:\Users\L-F6404-N10259\.objaverse\hf-objaverse-v1\glbs/000-037/12e296976e184090a6d7d8f22b19b4f3.glb
284743d09a574daba26d4f04db4031e6,C:\Users\L-F6404-N10259\.objaverse\hf-objaverse-v1\glbs/000-110/284743d09a574daba26d4f04db4031e6.glb
aede8475ffc7456db913f0c340696453,C:\Users\L-F6404-N10259\.objaverse\hf-objaverse-v1\glbs/000-001/aede8475ffc7456db913f0c340696453.glb
ae41fa78e18748ab89571113754ea59a,C:\Users\L-F6404-N10259\.objaverse\hf-objaverse-v1\glbs/000-005/ae41fa78e18748ab89571113754ea59a.glb
68cbb104126543f285191b6dd60bd564,C:\Users\L-F6404-N10259\.objaverse\hf-objaverse-v1\glbs/000-091/68cbb104126543f285191b6dd60bd564.glb
5483beb389cd4837942e8f53aad09257,C:\Users\L-F6404-N10259\.objaverse\hf-objaverse-v1\glbs/000-051/5483beb389cd4837942e8f53aad09257.glb
5d52e1d4199f4ed3a49224f967bab7a4,C:\Users\L-F6404-N10259\.objaverse\hf-objaverse-v1\glbs/000-017/5d52e1d4199f4ed3a49224f967bab7a4.glb
b69ad0b5456249318982aec3e0aeeb6f,C:\Users\L-F6404-N10259\.objaverse\hf-objaverse-v1\glbs/000-044/b69ad0b5456249318982aec3e0aeeb6f.glb
780876970a2c4106a98a838c4383a847,C:\Users\L-F6404-N10259\.objaverse\hf-objaverse-v1\glbs/000-093/780876970a2c4106a98a838c4383a847.glb
51bf8a73694141c99b801d64f5b2960a,C:\Users\L-F6404-N10259\.objaverse\hf-objaverse-v1\glbs/000-150/51bf8a73694141c99b801d64f5b2960a.glb
8fda709c6b2646a49f884d130c0c86da,C:\Users\L-F6404-N10259\.objaverse\hf-objaverse-v1\glbs/000-017/8fda709c6b2646a49f884d130c0c86da.glb
a951835bf6d04ba0a83f8945ae5ed06d,C:\Users\L-F6404-N10259\.objaverse\hf-objaverse-v1\glbs/000-066/a951835bf6d04ba0a83f8945ae5ed06d.glb
c7d79c5a304a476d87c8014a2f6565cf,C:\Users\L-F6404-N10259\.objaverse\hf-objaverse-v1\glbs/000-086/c7d79c5a304a476d87c8014a2f6565cf.glb
9bc147a06e7b4c26ab985f695a76de3f,C:\Users\L-F6404-N10259\.objaverse\hf-objaverse-v1\glbs/000-035/9bc147a06e7b4c26ab985f695a76de3f.glb
7f92080d86484d81b8dd30317bb28586,C:\Users\L-F6404-N10259\.objaverse\hf-objaverse-v1\glbs/000-002/7f92080d86484d81b8dd30317bb28586.glb
ee3dbdaa122b422bb4aea3dbbdd7e643,C:\Users\L-F6404-N10259\.objaverse\hf-objaverse-v1\glbs/000-067/ee3dbdaa122b422bb4aea3dbbdd7e643.glb
bdbe20ceb14c48a2a28ac26822d2cc21,C:\Users\L-F6404-N10259\.objaverse\hf-objaverse-v1\glbs/000-116/bdbe20ceb14c48a2a28ac26822d2cc21.glb
b7a9b0e884c849d3a0b93a3a6aa85bf3,C:\Users\L-F6404-N10259\.objaverse\hf-objaverse-v1\glbs/000-115/b7a9b0e884c849d3a0b93a3a6aa85bf3.glb
c3b507238f8846689447e2f59ba4a864,C:\Users\L-F6404-N10259\.objaverse\hf-objaverse-v1\glbs/000-124/c3b507238f8846689447e2f59ba4a864.glb
1837f10d9b064fd88a607a3d391a17af,C:\Users\L-F6404-N10259\.objaverse\hf-objaverse-v1\glbs/000-068/1837f10d9b064fd88a607a3d391a17af.glb
370b7c88b4334dd29cda3adce3a10fa6,C:\Users\L-F6404-N10259\.objaverse\hf-objaverse-v1\glbs/000-139/370b7c88b4334dd29cda3adce3a10fa6.glb
aa39a8cc7be04b0c8e02c6142a007137,C:\Users\L-F6404-N10259\.objaverse\hf-objaverse-v1\glbs/000-007/aa39a8cc7be04b0c8e02c6142a007137.glb
df1aa375f775420b90a20c1eaec9e016,C:\Users\L-F6404-N10259\.objaverse\hf-objaverse-v1\glbs/000-144/df1aa375f775420b90a20c1eaec9e016.glb
1e20f9ec53e441518a776d51400d701e,C:\Users\L-F6404-N10259\.objaverse\hf-objaverse-v1\glbs/000-124/1e20f9ec53e441518a776d51400d701e.glb
044f3af671454a619aeb2126fcbfede3,C:\Users\L-F6404-N10259\.objaverse\hf-objaverse-v1\glbs/000-000/044f3af671454a619aeb2126fcbfede3.glb
e8d10d0d23564af590b879853be27782,C:\Users\L-F6404-N10259\.objaverse\hf-objaverse-v1\glbs/000-001/e8d10d0d23564af590b879853be27782.glb
23fa151346304c8bb8c58f58a76e6407,C:\Users\L-F6404-N10259\.objaverse\hf-objaverse-v1\glbs/000-043/23fa151346304c8bb8c58f58a76e6407.glb
1e387afc6d7443878c310756400dd467,C:\Users\L-F6404-N10259\.objaverse\hf-objaverse-v1\glbs/000-065/1e387afc6d7443878c310756400dd467.glb
1b256f6ce7924f59a756fe8f7ba69416,C:\Users\L-F6404-N10259\.objaverse\hf-objaverse-v1\glbs/000-079/1b256f6ce7924f59a756fe8f7ba69416.glb
d6bd1cf1ae6849a0b76b4b546ff69099,C:\Users\L-F6404-N10259\.objaverse\hf-objaverse-v1\glbs/000-115/d6bd1cf1ae6849a0b76b4b546ff69099.glb
4d9a3e7fcf9d479881b29c84fcdc0cd2,C:\Users\L-F6404-N10259\.objaverse\hf-objaverse-v1\glbs/000-123/4d9a3e7fcf9d479881b29c84fcdc0cd2.glb
2353e9b40c4d404db33d18677848f68d,C:\Users\L-F6404-N10259\.objaverse\hf-objaverse-v1\glbs/000-120/2353e9b40c4d404db33d18677848f68d.glb
9be0b12c582c4b578ecf889bf4b3ce3d,C:\Users\L-F6404-N10259\.objaverse\hf-objaverse-v1\glbs/000-077/9be0b12c582c4b578ecf889bf4b3ce3d.glb
9ccc2f73a30f4ff7b4612ac30921e38e,C:\Users\L-F6404-N10259\.objaverse\hf-objaverse-v1\glbs/000-054/9ccc2f73a30f4ff7b4612ac30921e38e.glb
67503bb546a141c1a2b806a9c7fd9d5c,C:\Users\L-F6404-N10259\.objaverse\hf-objaverse-v1\glbs/000-030/67503bb546a141c1a2b806a9c7fd9d5c.glb
7e7cc43a2fb84e44a03a67fecdd76ba8,C:\Users\L-F6404-N10259\.objaverse\hf-objaverse-v1\glbs/000-147/7e7cc43a2fb84e44a03a67fecdd76ba8.glb
cc7460534919447ca6c3d8d8bcf16ac5,C:\Users\L-F6404-N10259\.objaverse\hf-objaverse-v1\glbs/000-147/cc7460534919447ca6c3d8d8bcf16ac5.glb
93ce115ac08d4365bc9a8d9e386bd166,C:\Users\L-F6404-N10259\.objaverse\hf-objaverse-v1\glbs/000-056/93ce115ac08d4365bc9a8d9e386bd166.glb
ce5404d398da4025b09543cdf829fd7e,C:\Users\L-F6404-N10259\.objaverse\hf-objaverse-v1\glbs/000-024/ce5404d398da4025b09543cdf829fd7e.glb
c5da9821e5684103bf0e6897c5c69b1e,C:\Users\L-F6404-N10259\.objaverse\hf-objaverse-v1\glbs/000-077/c5da9821e5684103bf0e6897c5c69b1e.glb
896063c3f9a1443c89ad227649aa85dc,C:\Users\L-F6404-N10259\.objaverse\hf-objaverse-v1\glbs/000-084/896063c3f9a1443c89ad227649aa85dc.glb
9a0305becfca4f6aaeb36ebfa2208c31,C:\Users\L-F6404-N10259\.objaverse\hf-objaverse-v1\glbs/000-158/9a0305becfca4f6aaeb36ebfa2208c31.glb
2a43955d24514e4998ee6fd478399f66,C:\Users\L-F6404-N10259\.objaverse\hf-objaverse-v1\glbs/000-011/2a43955d24514e4998ee6fd478399f66.glb
ed62e8ab9bd241038609d48a26388b16,C:\Users\L-F6404-N10259\.objaverse\hf-objaverse-v1\glbs/000-079/ed62e8ab9bd241038609d48a26388b16.glb
0a6b884fa93946278b1d9baba2e24a0b,C:\Users\L-F6404-N10259\.objaverse\hf-objaverse-v1\glbs/000-156/0a6b884fa93946278b1d9baba2e24a0b.glb
815bd9cee3644f3f8996b4a6d123c7c3,C:\Users\L-F6404-N10259\.objaverse\hf-objaverse-v1\glbs/000-110/815bd9cee3644f3f8996b4a6d123c7c3.glb
23df23edda25472994f6665b612e7ab4,C:\Users\L-F6404-N10259\.objaverse\hf-objaverse-v1\glbs/000-064/23df23edda25472994f6665b612e7ab4.glb
f4ecccd226844c88b2c05a9dcdc1825f,C:\Users\L-F6404-N10259\.objaverse\hf-objaverse-v1\glbs/000-122/f4ecccd226844c88b2c05a9dcdc1825f.glb
b01facd8c81546c2ae5cbfccff8f2df7,C:\Users\L-F6404-N10259\.objaverse\hf-objaverse-v1\glbs/000-021/b01facd8c81546c2ae5cbfccff8f2df7.glb
68d4c6fa8d6746feb168cab25dddf4ac,C:\Users\L-F6404-N10259\.objaverse\hf-objaverse-v1\glbs/000-112/68d4c6fa8d6746feb168cab25dddf4ac.glb
94eaa3d25028483b92bce8b4bc3e6e6a,C:\Users\L-F6404-N10259\.objaverse\hf-objaverse-v1\glbs/000-093/94eaa3d25028483b92bce8b4bc3e6e6a.glb
b0a1e64c90fa4705be2d6cc180594dce,C:\Users\L-F6404-N10259\.objaverse\hf-objaverse-v1\glbs/000-107/b0a1e64c90fa4705be2d6cc180594dce.glb
e171a9ea1be34318bd8d1f785f648300,C:\Users\L-F6404-N10259\.objaverse\hf-objaverse-v1\glbs/000-027/e171a9ea1be34318bd8d1f785f648300.glb
aff67d046ecf43fabbdc795e79abdf2d,C:\Users\L-F6404-N10259\.objaverse\hf-objaverse-v1\glbs/000-145/aff67d046ecf43fabbdc795e79abdf2d.glb
ae725dcd33174a718e6293573e0a70a1,C:\Users\L-F6404-N10259\.objaverse\hf-objaverse-v1\glbs/000-082/ae725dcd33174a718e6293573e0a70a1.glb
59f5e54839aa4128bdb440a7c039a320,C:\Users\L-F6404-N10259\.objaverse\hf-objaverse-v1\glbs/000-044/59f5e54839aa4128bdb440a7c039a320.glb
fb1624ac3d9e4487b4baa6acb2493e51,C:\Users\L-F6404-N10259\.objaverse\hf-objaverse-v1\glbs/000-110/fb1624ac3d9e4487b4baa6acb2493e51.glb
117e5a2117704c1aa324d122994d61de,C:\Users\L-F6404-N10259\.objaverse\hf-objaverse-v1\glbs/000-107/117e5a2117704c1aa324d122994d61de.glb
763fb4fd5a9746b880fc44251625b174,C:\Users\L-F6404-N10259\.objaverse\hf-objaverse-v1\glbs/000-143/763fb4fd5a9746b880fc44251625b174.glb
7b66f863f989420fb4c26f875dbaf9eb,C:\Users\L-F6404-N10259\.objaverse\hf-objaverse-v1\glbs/000-039/7b66f863f989420fb4c26f875dbaf9eb.glb
330287dc3a334d6b934a72274f277c71,C:\Users\L-F6404-N10259\.objaverse\hf-objaverse-v1\glbs/000-007/330287dc3a334d6b934a72274f277c71.glb
f90371bf90a44b37a0823011fe3d4683,C:\Users\L-F6404-N10259\.objaverse\hf-objaverse-v1\glbs/000-060/f90371bf90a44b37a0823011fe3d4683.glb
39cd9a49f9f546438da0473e00ac6980,C:\Users\L-F6404-N10259\.objaverse\hf-objaverse-v1\glbs/000-013/39cd9a49f9f546438da0473e00ac6980.glb
37ad5d2f34424c5782be21c531e82c5c,C:\Users\L-F6404-N10259\.objaverse\hf-objaverse-v1\glbs/000-093/37ad5d2f34424c5782be21c531e82c5c.glb
6e3a46b6ae5f451ea8e629dd55efdd67,C:\Users\L-F6404-N10259\.objaverse\hf-objaverse-v1\glbs/000-092/6e3a46b6ae5f451ea8e629dd55efdd67.glb
a62eca1552674a01acd2d9bd26982798,C:\Users\L-F6404-N10259\.objaverse\hf-objaverse-v1\glbs/000-021/a62eca1552674a01acd2d9bd26982798.glb
a491ef8d85a24b7390a9b05840a202f1,C:\Users\L-F6404-N10259\.objaverse\hf-objaverse-v1\glbs/000-086/a491ef8d85a24b7390a9b05840a202f1.glb
f14bd9d3c5364db7bd30c40e15ea1760,C:\Users\L-F6404-N10259\.objaverse\hf-objaverse-v1\glbs/000-057/f14bd9d3c5364db7bd30c40e15ea1760.glb
7f36c6cda81241438f3ac9e2871ac045,C:\Users\L-F6404-N10259\.objaverse\hf-objaverse-v1\glbs/000-058/7f36c6cda81241438f3ac9e2871ac045.glb
fe58e81e5fa940319e79796e23053182,C:\Users\L-F6404-N10259\.objaverse\hf-objaverse-v1\glbs/000-049/fe58e81e5fa940319e79796e23053182.glb
cc92b578495942ee8fbca9049097b6f7,C:\Users\L-F6404-N10259\.objaverse\hf-objaverse-v1\glbs/000-134/cc92b578495942ee8fbca9049097b6f7.glb
a1d1d527ad564662bdd105c4c62d7ae1,C:\Users\L-F6404-N10259\.objaverse\hf-objaverse-v1\glbs/000-130/a1d1d527ad564662bdd105c4c62d7ae1.glb
c9b9c316434547c892e7ac7bde27a74b,C:\Users\L-F6404-N10259\.objaverse\hf-objaverse-v1\glbs/000-096/c9b9c316434547c892e7ac7bde27a74b.glb
e602314868864b5db292f1a2eca976bc,C:\Users\L-F6404-N10259\.objaverse\hf-objaverse-v1\glbs/000-068/e602314868864b5db292f1a2eca976bc.glb
f2055d758b5644f2a08225338bec33f3,C:\Users\L-F6404-N10259\.objaverse\hf-objaverse-v1\glbs/000-014/f2055d758b5644f2a08225338bec33f3.glb
0febe1e7ef9a4e6891245689d5e16f70,C:\Users\L-F6404-N10259\.objaverse\hf-objaverse-v1\glbs/000-035/0febe1e7ef9a4e6891245689d5e16f70.glb
6f92e90c76c64d6b8580be06db00b9db,C:\Users\L-F6404-N10259\.objaverse\hf-objaverse-v1\glbs/000-084/6f92e90c76c64d6b8580be06db00b9db.glb
aaf24cdd7ad84e45bd30a9bc3333de34,C:\Users\L-F6404-N10259\.objaverse\hf-objaverse-v1\glbs/000-092/aaf24cdd7ad84e45bd30a9bc3333de34.glb
e94088812b4641aeb47ea55c865dc97b,C:\Users\L-F6404-N10259\.objaverse\hf-objaverse-v1\glbs/000-149/e94088812b4641aeb47ea55c865dc97b.glb
991b78e6d39049028f98b8a8a6d1d9b4,C:\Users\L-F6404-N10259\.objaverse\hf-objaverse-v1\glbs/000-045/991b78e6d39049028f98b8a8a6d1d9b4.glb
0b79d014ddff4691a235b55cac00c593,C:\Users\L-F6404-N10259\.objaverse\hf-objaverse-v1\glbs/000-130/0b79d014ddff4691a235b55cac00c593.glb
95b89115dac740fab8bb13c2c51e732d,C:\Users\L-F6404-N10259\.objaverse\hf-objaverse-v1\glbs/000-132/95b89115dac740fab8bb13c2c51e732d.glb
89de8eec26d64178a832d7d89b0a2106,C:\Users\L-F6404-N10259\.objaverse\hf-objaverse-v1\glbs/000-084/89de8eec26d64178a832d7d89b0a2106.glb
1a8cfe144d114c47b23424dde443a775,C:\Users\L-F6404-N10259\.objaverse\hf-objaverse-v1\glbs/000-142/1a8cfe144d114c47b23424dde443a775.glb
ef12dc4fce6e45dca2da7100a32c3c59,C:\Users\L-F6404-N10259\.objaverse\hf-objaverse-v1\glbs/000-073/ef12dc4fce6e45dca2da7100a32c3c59.glb
0b5b53c652804d00981978f36dfc2ace,C:\Users\L-F6404-N10259\.objaverse\hf-objaverse-v1\glbs/000-008/0b5b53c652804d00981978f36dfc2ace.glb
47c0b4ceaf3c42908f96e54be3539392,C:\Users\L-F6404-N10259\.objaverse\hf-objaverse-v1\glbs/000-120/47c0b4ceaf3c42908f96e54be3539392.glb
dd034472beb1473ab94544f5acf0fd91,C:\Users\L-F6404-N10259\.objaverse\hf-objaverse-v1\glbs/000-055/dd034472beb1473ab94544f5acf0fd91.glb
8884fea77e0247f783b6b84e0925f871,C:\Users\L-F6404-N10259\.objaverse\hf-objaverse-v1\glbs/000-040/8884fea77e0247f783b6b84e0925f871.glb
891942728c3143858f93071aa29b25d3,C:\Users\L-F6404-N10259\.objaverse\hf-objaverse-v1\glbs/000-148/891942728c3143858f93071aa29b25d3.glb
1204c7003a554471acebffc28248271e,C:\Users\L-F6404-N10259\.objaverse\hf-objaverse-v1\glbs/000-097/1204c7003a554471acebffc28248271e.glb
294ad9f9f0bb4223b8a71c2aec6f7104,C:\Users\L-F6404-N10259\.objaverse\hf-objaverse-v1\glbs/000-017/294ad9f9f0bb4223b8a71c2aec6f7104.glb
eccd13e2d8364c318116971101567c66,C:\Users\L-F6404-N10259\.objaverse\hf-objaverse-v1\glbs/000-145/eccd13e2d8364c318116971101567c66.glb
82d8dba71b624d0cbcb62c0e7aaf001e,C:\Users\L-F6404-N10259\.objaverse\hf-objaverse-v1\glbs/000-045/82d8dba71b624d0cbcb62c0e7aaf001e.glb
27d97837f8444c9cbaea5f5479341de1,C:\Users\L-F6404-N10259\.objaverse\hf-objaverse-v1\glbs/000-156/27d97837f8444c9cbaea5f5479341de1.glb
f8f17f86486d4a15a8404b345fa76de0,C:\Users\L-F6404-N10259\.objaverse\hf-objaverse-v1\glbs/000-074/f8f17f86486d4a15a8404b345fa76de0.glb
d1c58f083f5a4ee0b40560390cea1439,C:\Users\L-F6404-N10259\.objaverse\hf-objaverse-v1\glbs/000-159/d1c58f083f5a4ee0b40560390cea1439.glb
5b9e8ba19b1b454f82898ac4809f02b2,C:\Users\L-F6404-N10259\.objaverse\hf-objaverse-v1\glbs/000-033/5b9e8ba19b1b454f82898ac4809f02b2.glb
f26063c8ca6a438d9e328b28434d1c44,C:\Users\L-F6404-N10259\.objaverse\hf-objaverse-v1\glbs/000-074/f26063c8ca6a438d9e328b28434d1c44.glb
726a646234fe4ee59fcdff9dafd89c09,C:\Users\L-F6404-N10259\.objaverse\hf-objaverse-v1\glbs/000-002/726a646234fe4ee59fcdff9dafd89c09.glb
4a420222ba03428fafdd5279ff0f3056,C:\Users\L-F6404-N10259\.objaverse\hf-objaverse-v1\glbs/000-097/4a420222ba03428fafdd5279ff0f3056.glb
8a168b107c7b49e796b8c1be0487ae4f,C:\Users\L-F6404-N10259\.objaverse\hf-objaverse-v1\glbs/000-010/8a168b107c7b49e796b8c1be0487ae4f.glb
10dfe487e2da4fee9b37f4ad23d4e87e,C:\Users\L-F6404-N10259\.objaverse\hf-objaverse-v1\glbs/000-144/10dfe487e2da4fee9b37f4ad23d4e87e.glb
efef8bc49fb0435d926d0c3825eb842b,C:\Users\L-F6404-N10259\.objaverse\hf-objaverse-v1\glbs/000-139/efef8bc49fb0435d926d0c3825eb842b.glb
b2fefa6f7af04c18966655d68a458974,C:\Users\L-F6404-N10259\.objaverse\hf-objaverse-v1\glbs/000-127/b2fefa6f7af04c18966655d68a458974.glb
ebed0a3af94242a6be6bf0f8ed6cd49d,C:\Users\L-F6404-N10259\.objaverse\hf-objaverse-v1\glbs/000-054/ebed0a3af94242a6be6bf0f8ed6cd49d.glb
705b760277624fe89f660e7e33287708,C:\Users\L-F6404-N10259\.objaverse\hf-objaverse-v1\glbs/000-063/705b760277624fe89f660e7e33287708.glb
3fc3c4911f0d4b539b0530d0bea340af,C:\Users\L-F6404-N10259\.objaverse\hf-objaverse-v1\glbs/000-036/3fc3c4911f0d4b539b0530d0bea340af.glb
dc40632cb0e14460aa280df54d1332c4,C:\Users\L-F6404-N10259\.objaverse\hf-objaverse-v1\glbs/000-004/dc40632cb0e14460aa280df54d1332c4.glb
a755d424dd1d4a69a854ac02f7f86f83,C:\Users\L-F6404-N10259\.objaverse\hf-objaverse-v1\glbs/000-019/a755d424dd1d4a69a854ac02f7f86f83.glb
aedb9509ef9347a5b055e02deeadeff7,C:\Users\L-F6404-N10259\.objaverse\hf-objaverse-v1\glbs/000-158/aedb9509ef9347a5b055e02deeadeff7.glb
162d252bfe6b4317982ed3436486f02e,C:\Users\L-F6404-N10259\.objaverse\hf-objaverse-v1\glbs/000-034/162d252bfe6b4317982ed3436486f02e.glb
7ba7af1ac0fd4b38b019d689fc7088fd,C:\Users\L-F6404-N10259\.objaverse\hf-objaverse-v1\glbs/000-070/7ba7af1ac0fd4b38b019d689fc7088fd.glb
235f67f4af244ea79e43c90785108192,C:\Users\L-F6404-N10259\.objaverse\hf-objaverse-v1\glbs/000-064/235f67f4af244ea79e43c90785108192.glb
ca6509e3858e42caa5f0227403b5c5c0,C:\Users\L-F6404-N10259\.objaverse\hf-objaverse-v1\glbs/000-115/ca6509e3858e42caa5f0227403b5c5c0.glb
6e35f6fdf1264db4880049b802f18ea2,C:\Users\L-F6404-N10259\.objaverse\hf-objaverse-v1\glbs/000-144/6e35f6fdf1264db4880049b802f18ea2.glb
7789095425514b14936912bded8a28a8,C:\Users\L-F6404-N10259\.objaverse\hf-objaverse-v1\glbs/000-061/7789095425514b14936912bded8a28a8.glb
e562d2d82bc1428c98e3e6d37879f9d8,C:\Users\L-F6404-N10259\.objaverse\hf-objaverse-v1\glbs/000-074/e562d2d82bc1428c98e3e6d37879f9d8.glb
f5ca70f46c5549b8a754ee1abf42af68,C:\Users\L-F6404-N10259\.objaverse\hf-objaverse-v1\glbs/000-091/f5ca70f46c5549b8a754ee1abf42af68.glb
a4d6a4618f554e5986fd94e04720488c,C:\Users\L-F6404-N10259\.objaverse\hf-objaverse-v1\glbs/000-143/a4d6a4618f554e5986fd94e04720488c.glb
a7fa5398d1194dafba333d80d6f21da4,C:\Users\L-F6404-N10259\.objaverse\hf-objaverse-v1\glbs/000-083/a7fa5398d1194dafba333d80d6f21da4.glb
c6f69c82912b4961a6b5b7df2fa37747,C:\Users\L-F6404-N10259\.objaverse\hf-objaverse-v1\glbs/000-093/c6f69c82912b4961a6b5b7df2fa37747.glb
e3edad5c3f1a4fc7bfc8e3ee1bc0e521,C:\Users\L-F6404-N10259\.objaverse\hf-objaverse-v1\glbs/000-111/e3edad5c3f1a4fc7bfc8e3ee1bc0e521.glb
ebb890feb03e4053b93dfd3dbad8089b,C:\Users\L-F6404-N10259\.objaverse\hf-objaverse-v1\glbs/000-131/ebb890feb03e4053b93dfd3dbad8089b.glb
7189ae06b18347bebff566599bbd15d3,C:\Users\L-F6404-N10259\.objaverse\hf-objaverse-v1\glbs/000-156/7189ae06b18347bebff566599bbd15d3.glb
be15ae5306b64e988ba2e3bb92c16dc5,C:\Users\L-F6404-N10259\.objaverse\hf-objaverse-v1\glbs/000-016/be15ae5306b64e988ba2e3bb92c16dc5.glb
2723396ce03440ffbf3182139afa0d97,C:\Users\L-F6404-N10259\.objaverse\hf-objaverse-v1\glbs/000-114/2723396ce03440ffbf3182139afa0d97.glb
25fb43458b864c5d8a3e792e9cd218c6,C:\Users\L-F6404-N10259\.objaverse\hf-objaverse-v1\glbs/000-105/25fb43458b864c5d8a3e792e9cd218c6.glb
6d6b418bc9b344bebd82d9778d0d1f63,C:\Users\L-F6404-N10259\.objaverse\hf-objaverse-v1\glbs/000-018/6d6b418bc9b344bebd82d9778d0d1f63.glb
0e06763d63f44733b99c06ae18dcb13d,C:\Users\L-F6404-N10259\.objaverse\hf-objaverse-v1\glbs/000-114/0e06763d63f44733b99c06ae18dcb13d.glb
0060af6f4da24224a4770eea54685ecf,C:\Users\L-F6404-N10259\.objaverse\hf-objaverse-v1\glbs/000-000/0060af6f4da24224a4770eea54685ecf.glb
16cd5c8bd38f4934a5b65d22c599b83c,C:\Users\L-F6404-N10259\.objaverse\hf-objaverse-v1\glbs/000-001/16cd5c8bd38f4934a5b65d22c599b83c.glb
da6d646358d1451fa751f1a9141290a3,C:\Users\L-F6404-N10259\.objaverse\hf-objaverse-v1\glbs/000-051/da6d646358d1451fa751f1a9141290a3.glb
ab1bfb776bff461986f8762efb6b1647,C:\Users\L-F6404-N10259\.objaverse\hf-objaverse-v1\glbs/000-009/ab1bfb776bff461986f8762efb6b1647.glb
4ad79dd647d24b9da9cb9a1232f814ff,C:\Users\L-F6404-N10259\.objaverse\hf-objaverse-v1\glbs/000-127/4ad79dd647d24b9da9cb9a1232f814ff.glb
dba206fede0844c6a9b33d6fc72ce65f,C:\Users\L-F6404-N10259\.objaverse\hf-objaverse-v1\glbs/000-130/dba206fede0844c6a9b33d6fc72ce65f.glb
844c8bc92944471ca525e78dc97da253,C:\Users\L-F6404-N10259\.objaverse\hf-objaverse-v1\glbs/000-137/844c8bc92944471ca525e78dc97da253.glb
3ef3afe527ba42d48f99c11531b4d0b5,C:\Users\L-F6404-N10259\.objaverse\hf-objaverse-v1\glbs/000-038/3ef3afe527ba42d48f99c11531b4d0b5.glb
a2b8eee763a14ffc9685506aeadc377e,C:\Users\L-F6404-N10259\.objaverse\hf-objaverse-v1\glbs/000-135/a2b8eee763a14ffc9685506aeadc377e.glb
b23ec9725c48494788d1d88104acbb4a,C:\Users\L-F6404-N10259\.objaverse\hf-objaverse-v1\glbs/000-063/b23ec9725c48494788d1d88104acbb4a.glb
ae47fb3d061045569f1089aaabd840ca,C:\Users\L-F6404-N10259\.objaverse\hf-objaverse-v1\glbs/000-092/ae47fb3d061045569f1089aaabd840ca.glb
f7f99449b896488fa6d468e70518b21d,C:\Users\L-F6404-N10259\.objaverse\hf-objaverse-v1\glbs/000-043/f7f99449b896488fa6d468e70518b21d.glb
978be96600a0434e853c938e93b9c893,C:\Users\L-F6404-N10259\.objaverse\hf-objaverse-v1\glbs/000-116/978be96600a0434e853c938e93b9c893.glb
5b254c22d7ac4d448138b6290e1c2d27,C:\Users\L-F6404-N10259\.objaverse\hf-objaverse-v1\glbs/000-099/5b254c22d7ac4d448138b6290e1c2d27.glb
7b2c965dcaf94932894e8d6eb7f4e34a,C:\Users\L-F6404-N10259\.objaverse\hf-objaverse-v1\glbs/000-011/7b2c965dcaf94932894e8d6eb7f4e34a.glb
f655b8411de94f13acc0439a82b94462,C:\Users\L-F6404-N10259\.objaverse\hf-objaverse-v1\glbs/000-112/f655b8411de94f13acc0439a82b94462.glb
81ae47aa25664054830ca39cb9fa071d,C:\Users\L-F6404-N10259\.objaverse\hf-objaverse-v1\glbs/000-145/81ae47aa25664054830ca39cb9fa071d.glb
c0ca5a0aa9a048b0adfd33864f738718,C:\Users\L-F6404-N10259\.objaverse\hf-objaverse-v1\glbs/000-081/c0ca5a0aa9a048b0adfd33864f738718.glb
d42f2c22796d45e0aa2ded45b8e89b41,C:\Users\L-F6404-N10259\.objaverse\hf-objaverse-v1\glbs/000-050/d42f2c22796d45e0aa2ded45b8e89b41.glb
abbf0e6901484c05a68d2c6c485bdd9e,C:\Users\L-F6404-N10259\.objaverse\hf-objaverse-v1\glbs/000-060/abbf0e6901484c05a68d2c6c485bdd9e.glb
5c2496c27fdb42d09cd2d4939cf12b03,C:\Users\L-F6404-N10259\.objaverse\hf-objaverse-v1\glbs/000-152/5c2496c27fdb42d09cd2d4939cf12b03.glb
c478f11cbd5647fa81efa515deb90e15,C:\Users\L-F6404-N10259\.objaverse\hf-objaverse-v1\glbs/000-097/c478f11cbd5647fa81efa515deb90e15.glb
d9a1c88d2500475bb4d9b44eb7152f2e,C:\Users\L-F6404-N10259\.objaverse\hf-objaverse-v1\glbs/000-045/d9a1c88d2500475bb4d9b44eb7152f2e.glb
bb742ffd1630498c909caa4b58d8de4b,C:\Users\L-F6404-N10259\.objaverse\hf-objaverse-v1\glbs/000-037/bb742ffd1630498c909caa4b58d8de4b.glb
21c67e417ffe49c79c358b43df690a15,C:\Users\L-F6404-N10259\.objaverse\hf-objaverse-v1\glbs/000-115/21c67e417ffe49c79c358b43df690a15.glb
d5aa77e6835a44bb90a28cbd5ea64249,C:\Users\L-F6404-N10259\.objaverse\hf-objaverse-v1\glbs/000-086/d5aa77e6835a44bb90a28cbd5ea64249.glb
f0e17c71b71b48d487b7b6a27ce78bb3,C:\Users\L-F6404-N10259\.objaverse\hf-objaverse-v1\glbs/000-017/f0e17c71b71b48d487b7b6a27ce78bb3.glb
965082403694407fb14ed19eb109018e,C:\Users\L-F6404-N10259\.objaverse\hf-objaverse-v1\glbs/000-066/965082403694407fb14ed19eb109018e.glb
a9bac16586e14f0c85d19024aee93c55,C:\Users\L-F6404-N10259\.objaverse\hf-objaverse-v1\glbs/000-085/a9bac16586e14f0c85d19024aee93c55.glb
6e9f73510e3340e38838c40bcadb0d2f,C:\Users\L-F6404-N10259\.objaverse\hf-objaverse-v1\glbs/000-139/6e9f73510e3340e38838c40bcadb0d2f.glb
92db5e13fa0c4c27a2689b962fc6305f,C:\Users\L-F6404-N10259\.objaverse\hf-objaverse-v1\glbs/000-041/92db5e13fa0c4c27a2689b962fc6305f.glb
a547b66210554a7690d45a0343fce913,C:\Users\L-F6404-N10259\.objaverse\hf-objaverse-v1\glbs/000-035/a547b66210554a7690d45a0343fce913.glb
8c1b38fd35714adf95f20c9c3ccd8912,C:\Users\L-F6404-N10259\.objaverse\hf-objaverse-v1\glbs/000-084/8c1b38fd35714adf95f20c9c3ccd8912.glb
c42d069236174467a2fb536f7d42d7f0,C:\Users\L-F6404-N10259\.objaverse\hf-objaverse-v1\glbs/000-127/c42d069236174467a2fb536f7d42d7f0.glb
bbe1d47c0d714884a66c53d6c1e5d177,C:\Users\L-F6404-N10259\.objaverse\hf-objaverse-v1\glbs/000-028/bbe1d47c0d714884a66c53d6c1e5d177.glb
3297c67207d64233b53b390062c532d3,C:\Users\L-F6404-N10259\.objaverse\hf-objaverse-v1\glbs/000-031/3297c67207d64233b53b390062c532d3.glb
6d459af223cb46c8a78923a19538c5c0,C:\Users\L-F6404-N10259\.objaverse\hf-objaverse-v1\glbs/000-113/6d459af223cb46c8a78923a19538c5c0.glb
5f7332013e4a41e6805b33d5ec1d7cb3,C:\Users\L-F6404-N10259\.objaverse\hf-objaverse-v1\glbs/000-071/5f7332013e4a41e6805b33d5ec1d7cb3.glb
a9917037f0c643dbbde0475b59bc53b1,C:\Users\L-F6404-N10259\.objaverse\hf-objaverse-v1\glbs/000-004/a9917037f0c643dbbde0475b59bc53b1.glb
ac5b149431eb46b593fc9e9601379b2c,C:\Users\L-F6404-N10259\.objaverse\hf-objaverse-v1\glbs/000-013/ac5b149431eb46b593fc9e9601379b2c.glb
40d8a6d5ad4a4887a2ab93d782f5db99,C:\Users\L-F6404-N10259\.objaverse\hf-objaverse-v1\glbs/000-134/40d8a6d5ad4a4887a2ab93d782f5db99.glb
9746de160d884d4c870d761793fa4343,C:\Users\L-F6404-N10259\.objaverse\hf-objaverse-v1\glbs/000-008/9746de160d884d4c870d761793fa4343.glb
cee1570d79fb4114a8709fc1d08a05ac,C:\Users\L-F6404-N10259\.objaverse\hf-objaverse-v1\glbs/000-131/cee1570d79fb4114a8709fc1d08a05ac.glb
8aa3d39c9c6b46d4bb39b0fde6204a8a,C:\Users\L-F6404-N10259\.objaverse\hf-objaverse-v1\glbs/000-099/8aa3d39c9c6b46d4bb39b0fde6204a8a.glb
91761aa110cb4a9298ad28a0112b5d2b,C:\Users\L-F6404-N10259\.objaverse\hf-objaverse-v1\glbs/000-046/91761aa110cb4a9298ad28a0112b5d2b.glb
faf56b3ec1d04473bcd5ece74b258fdd,C:\Users\L-F6404-N10259\.objaverse\hf-objaverse-v1\glbs/000-029/faf56b3ec1d04473bcd5ece74b258fdd.glb
f045c03591fc4ce2bf8c6abb764cbbd5,C:\Users\L-F6404-N10259\.objaverse\hf-objaverse-v1\glbs/000-052/f045c03591fc4ce2bf8c6abb764cbbd5.glb
a1197fa450a3428e88e13df8219e423e,C:\Users\L-F6404-N10259\.objaverse\hf-objaverse-v1\glbs/000-130/a1197fa450a3428e88e13df8219e423e.glb
530b970bd2074ca4b98c9a8965a98d38,C:\Users\L-F6404-N10259\.objaverse\hf-objaverse-v1\glbs/000-147/530b970bd2074ca4b98c9a8965a98d38.glb
70efc4b261324911bee731fa1b69fde2,C:\Users\L-F6404-N10259\.objaverse\hf-objaverse-v1\glbs/000-067/70efc4b261324911bee731fa1b69fde2.glb
a68bfdc7043e469e8479b7e87bbd8071,C:\Users\L-F6404-N10259\.objaverse\hf-objaverse-v1\glbs/000-150/a68bfdc7043e469e8479b7e87bbd8071.glb
7bc76e4eef61474f970088eadcf82774,C:\Users\L-F6404-N10259\.objaverse\hf-objaverse-v1\glbs/000-012/7bc76e4eef61474f970088eadcf82774.glb
f1c16f4f5400430097e004f4f59bac09,C:\Users\L-F6404-N10259\.objaverse\hf-objaverse-v1\glbs/000-112/f1c16f4f5400430097e004f4f59bac09.glb
267f8027512e4016844c4ef38ca40262,C:\Users\L-F6404-N10259\.objaverse\hf-objaverse-v1\glbs/000-123/267f8027512e4016844c4ef38ca40262.glb
84e58483108046c188529f5c2e5142a6,C:\Users\L-F6404-N10259\.objaverse\hf-objaverse-v1\glbs/000-103/84e58483108046c188529f5c2e5142a6.glb
12635b3ac45d4d45a04ecdc43ad5fa61,C:\Users\L-F6404-N10259\.objaverse\hf-objaverse-v1\glbs/000-158/12635b3ac45d4d45a04ecdc43ad5fa61.glb
e386f2abfefd423b8ab7cb967d79a200,C:\Users\L-F6404-N10259\.objaverse\hf-objaverse-v1\glbs/000-040/e386f2abfefd423b8ab7cb967d79a200.glb
956a47ccc1a54a40a8711f3852d54433,C:\Users\L-F6404-N10259\.objaverse\hf-objaverse-v1\glbs/000-040/956a47ccc1a54a40a8711f3852d54433.glb
0d06838c3c2041fe91b39b146c2c9eeb,C:\Users\L-F6404-N10259\.objaverse\hf-objaverse-v1\glbs/000-023/0d06838c3c2041fe91b39b146c2c9eeb.glb
ffbe6bc8412b419c826ac9a3248f5c89,C:\Users\L-F6404-N10259\.objaverse\hf-objaverse-v1\glbs/000-110/ffbe6bc8412b419c826ac9a3248f5c89.glb
1d41e84fd76241e7a8929a314052269c,C:\Users\L-F6404-N10259\.objaverse\hf-objaverse-v1\glbs/000-052/1d41e84fd76241e7a8929a314052269c.glb
0061cdbbceef476a98025f10e19f5d13,C:\Users\L-F6404-N10259\.objaverse\hf-objaverse-v1\glbs/000-000/0061cdbbceef476a98025f10e19f5d13.glb
acf277b9b5794255bdde428f08803721,C:\Users\L-F6404-N10259\.objaverse\hf-objaverse-v1\glbs/000-092/acf277b9b5794255bdde428f08803721.glb
9733523ae798418a9d2a7055c3d10b2e,C:\Users\L-F6404-N10259\.objaverse\hf-objaverse-v1\glbs/000-065/9733523ae798418a9d2a7055c3d10b2e.glb
6bfc709351b94a69a876d885a4cffde6,C:\Users\L-F6404-N10259\.objaverse\hf-objaverse-v1\glbs/000-142/6bfc709351b94a69a876d885a4cffde6.glb
02302fca239e4d7a9d26ce5cc46225e5,C:\Users\L-F6404-N10259\.objaverse\hf-objaverse-v1\glbs/000-000/02302fca239e4d7a9d26ce5cc46225e5.glb
d3f5e832769f45e39c8ffef1f17e73b8,C:\Users\L-F6404-N10259\.objaverse\hf-objaverse-v1\glbs/000-022/d3f5e832769f45e39c8ffef1f17e73b8.glb
898953e58e04438c9bb9c3d8651422bc,C:\Users\L-F6404-N10259\.objaverse\hf-objaverse-v1\glbs/000-141/898953e58e04438c9bb9c3d8651422bc.glb
8b51a94040254d5d923a32b203d94a47,C:\Users\L-F6404-N10259\.objaverse\hf-objaverse-v1\glbs/000-141/8b51a94040254d5d923a32b203d94a47.glb
1829bc2edec44901a2f7032fe2c5090f,C:\Users\L-F6404-N10259\.objaverse\hf-objaverse-v1\glbs/000-050/1829bc2edec44901a2f7032fe2c5090f.glb
4be3573f710044a9a1e401cf8374a852,C:\Users\L-F6404-N10259\.objaverse\hf-objaverse-v1\glbs/000-051/4be3573f710044a9a1e401cf8374a852.glb
bc5c4aa995ad4bf5837b30a859d64f72,C:\Users\L-F6404-N10259\.objaverse\hf-objaverse-v1\glbs/000-117/bc5c4aa995ad4bf5837b30a859d64f72.glb
8eebcfb709984b349e16c9d0ad64f2d2,C:\Users\L-F6404-N10259\.objaverse\hf-objaverse-v1\glbs/000-157/8eebcfb709984b349e16c9d0ad64f2d2.glb
7736320934f64381a0b9ebd8b6025ffc,C:\Users\L-F6404-N10259\.objaverse\hf-objaverse-v1\glbs/000-110/7736320934f64381a0b9ebd8b6025ffc.glb
46b4b4f592c54f04ae524d656f1e1d2d,C:\Users\L-F6404-N10259\.objaverse\hf-objaverse-v1\glbs/000-094/46b4b4f592c54f04ae524d656f1e1d2d.glb
fa722472fc354575b83396ac139e1a64,C:\Users\L-F6404-N10259\.objaverse\hf-objaverse-v1\glbs/000-054/fa722472fc354575b83396ac139e1a64.glb
596ed6a565d145af857952064bcce708,C:\Users\L-F6404-N10259\.objaverse\hf-objaverse-v1\glbs/000-020/596ed6a565d145af857952064bcce708.glb
4f9780e74ff84f8cb6e06d78902bd08d,C:\Users\L-F6404-N10259\.objaverse\hf-objaverse-v1\glbs/000-102/4f9780e74ff84f8cb6e06d78902bd08d.glb
4b9a5c4d5e20434793388325ec18ba57,C:\Users\L-F6404-N10259\.objaverse\hf-objaverse-v1\glbs/000-109/4b9a5c4d5e20434793388325ec18ba57.glb
9c97e41b7e4345ecb3796500e036eae7,C:\Users\L-F6404-N10259\.objaverse\hf-objaverse-v1\glbs/000-131/9c97e41b7e4345ecb3796500e036eae7.glb
f4a50b61cf154b01a184c117a27ec348,C:\Users\L-F6404-N10259\.objaverse\hf-objaverse-v1\glbs/000-006/f4a50b61cf154b01a184c117a27ec348.glb
53409613b45b42b98b979f12ab8faa12,C:\Users\L-F6404-N10259\.objaverse\hf-objaverse-v1\glbs/000-035/53409613b45b42b98b979f12ab8faa12.glb
2b14055dc8054ec79b4d0d7e8f00be1e,C:\Users\L-F6404-N10259\.objaverse\hf-objaverse-v1\glbs/000-004/2b14055dc8054ec79b4d0d7e8f00be1e.glb
0eba4ad785674d3586aafc82854100fa,C:\Users\L-F6404-N10259\.objaverse\hf-objaverse-v1\glbs/000-019/0eba4ad785674d3586aafc82854100fa.glb
0a34dc814a3a44cfa76388e732c05376,C:\Users\L-F6404-N10259\.objaverse\hf-objaverse-v1\glbs/000-065/0a34dc814a3a44cfa76388e732c05376.glb
f336b5a0a7d64f2e93adc14715744b62,C:\Users\L-F6404-N10259\.objaverse\hf-objaverse-v1\glbs/000-091/f336b5a0a7d64f2e93adc14715744b62.glb
280606599f7744a28898b6d1d18f879b,C:\Users\L-F6404-N10259\.objaverse\hf-objaverse-v1\glbs/000-062/280606599f7744a28898b6d1d18f879b.glb
f93be18847144f1fbd87930d2070cb71,C:\Users\L-F6404-N10259\.objaverse\hf-objaverse-v1\glbs/000-053/f93be18847144f1fbd87930d2070cb71.glb
c507cace6e444f77bec6d940adec24a2,C:\Users\L-F6404-N10259\.objaverse\hf-objaverse-v1\glbs/000-012/c507cace6e444f77bec6d940adec24a2.glb
c1740035c73146b98f220ace2a7e2369,C:\Users\L-F6404-N10259\.objaverse\hf-objaverse-v1\glbs/000-091/c1740035c73146b98f220ace2a7e2369.glb
813f5aeef3f3430d947f3879c6941719,C:\Users\L-F6404-N10259\.objaverse\hf-objaverse-v1\glbs/000-140/813f5aeef3f3430d947f3879c6941719.glb
e1ebf58bb90d4ea6b2a9643bfef9ecf8,C:\Users\L-F6404-N10259\.objaverse\hf-objaverse-v1\glbs/000-091/e1ebf58bb90d4ea6b2a9643bfef9ecf8.glb
305f482f30114fbc8649b4971e5b19ed,C:\Users\L-F6404-N10259\.objaverse\hf-objaverse-v1\glbs/000-151/305f482f30114fbc8649b4971e5b19ed.glb
03e706cd42504955b08379f45633c9ef,C:\Users\L-F6404-N10259\.objaverse\hf-objaverse-v1\glbs/000-000/03e706cd42504955b08379f45633c9ef.glb
71853da424aa4b208e14f6cf430339ae,C:\Users\L-F6404-N10259\.objaverse\hf-objaverse-v1\glbs/000-087/71853da424aa4b208e14f6cf430339ae.glb
8170cf1409924abc9c3fc8becccdd36e,C:\Users\L-F6404-N10259\.objaverse\hf-objaverse-v1\glbs/000-030/8170cf1409924abc9c3fc8becccdd36e.glb
4a0f306ba95144fda533b329818d0680,C:\Users\L-F6404-N10259\.objaverse\hf-objaverse-v1\glbs/000-080/4a0f306ba95144fda533b329818d0680.glb
8b099a2dfafc4436890eeaa7e928fd9b,C:\Users\L-F6404-N10259\.objaverse\hf-objaverse-v1\glbs/000-040/8b099a2dfafc4436890eeaa7e928fd9b.glb
e119e1d33cd3427a9b5f94cf1ae888ca,C:\Users\L-F6404-N10259\.objaverse\hf-objaverse-v1\glbs/000-069/e119e1d33cd3427a9b5f94cf1ae888ca.glb
ac90b3ea2cc742a49405bec08d5ddcd4,C:\Users\L-F6404-N10259\.objaverse\hf-objaverse-v1\glbs/000-023/ac90b3ea2cc742a49405bec08d5ddcd4.glb
ac9e8f84fd7b4b84931c949fdffecb21,C:\Users\L-F6404-N10259\.objaverse\hf-objaverse-v1\glbs/000-026/ac9e8f84fd7b4b84931c949fdffecb21.glb
2919081a8ffe42dc8f21b552d7a24546,C:\Users\L-F6404-N10259\.objaverse\hf-objaverse-v1\glbs/000-129/2919081a8ffe42dc8f21b552d7a24546.glb
cfd477d07e5443f28bcf6b72a5370a52,C:\Users\L-F6404-N10259\.objaverse\hf-objaverse-v1\glbs/000-067/cfd477d07e5443f28bcf6b72a5370a52.glb
2d95746c71724633baf24d8066ecf8db,C:\Users\L-F6404-N10259\.objaverse\hf-objaverse-v1\glbs/000-023/2d95746c71724633baf24d8066ecf8db.glb
2e0bc4dfa796479f8766a252ca11cffe,C:\Users\L-F6404-N10259\.objaverse\hf-objaverse-v1\glbs/000-102/2e0bc4dfa796479f8766a252ca11cffe.glb
2759a3b8773a449c82992cc042bb4289,C:\Users\L-F6404-N10259\.objaverse\hf-objaverse-v1\glbs/000-041/2759a3b8773a449c82992cc042bb4289.glb
c277c4d1742b4f118becbfefd325ce71,C:\Users\L-F6404-N10259\.objaverse\hf-objaverse-v1\glbs/000-058/c277c4d1742b4f118becbfefd325ce71.glb
9590563aa19f458a9f3a931fb0da09af,C:\Users\L-F6404-N10259\.objaverse\hf-objaverse-v1\glbs/000-070/9590563aa19f458a9f3a931fb0da09af.glb
4ebf4cef4ec642ff956fe680033b410a,C:\Users\L-F6404-N10259\.objaverse\hf-objaverse-v1\glbs/000-116/4ebf4cef4ec642ff956fe680033b410a.glb
8f8e1646cc1549c6ab22f1a3c0cd2924,C:\Users\L-F6404-N10259\.objaverse\hf-objaverse-v1\glbs/000-059/8f8e1646cc1549c6ab22f1a3c0cd2924.glb
a8a50790c4794b9a878d340c3bdae0dd,C:\Users\L-F6404-N10259\.objaverse\hf-objaverse-v1\glbs/000-004/a8a50790c4794b9a878d340c3bdae0dd.glb
3f4c5e992fef4eb1bad58e576ce197a6,C:\Users\L-F6404-N10259\.objaverse\hf-objaverse-v1\glbs/000-039/3f4c5e992fef4eb1bad58e576ce197a6.glb
4d18ba843ae24b94a5ffc77717256c8c,C:\Users\L-F6404-N10259\.objaverse\hf-objaverse-v1\glbs/000-003/4d18ba843ae24b94a5ffc77717256c8c.glb
cc26151d07f044fbb461ec458b8bb580,C:\Users\L-F6404-N10259\.objaverse\hf-objaverse-v1\glbs/000-075/cc26151d07f044fbb461ec458b8bb580.glb
7ae0b797a22d4c8c8defacbf11a55370,C:\Users\L-F6404-N10259\.objaverse\hf-objaverse-v1\glbs/000-018/7ae0b797a22d4c8c8defacbf11a55370.glb
77774d22076940aa8484e053bb14947a,C:\Users\L-F6404-N10259\.objaverse\hf-objaverse-v1\glbs/000-062/77774d22076940aa8484e053bb14947a.glb
c9c72a8329f34a0e922bdd4fb1aa233d,C:\Users\L-F6404-N10259\.objaverse\hf-objaverse-v1\glbs/000-060/c9c72a8329f34a0e922bdd4fb1aa233d.glb
0333443d2a93433aa99c8d7bf2f8c9db,C:\Users\L-F6404-N10259\.objaverse\hf-objaverse-v1\glbs/000-000/0333443d2a93433aa99c8d7bf2f8c9db.glb
d149e60429574bacab6815132824c59b,C:\Users\L-F6404-N10259\.objaverse\hf-objaverse-v1\glbs/000-099/d149e60429574bacab6815132824c59b.glb
912cc19e1b20479ab14b37f95b97f715,C:\Users\L-F6404-N10259\.objaverse\hf-objaverse-v1\glbs/000-070/912cc19e1b20479ab14b37f95b97f715.glb
71b53eaee72e4a829a9256a7bcfb7dab,C:\Users\L-F6404-N10259\.objaverse\hf-objaverse-v1\glbs/000-007/71b53eaee72e4a829a9256a7bcfb7dab.glb
eadfe8fe43124205b2551635252f9e8c,C:\Users\L-F6404-N10259\.objaverse\hf-objaverse-v1\glbs/000-006/eadfe8fe43124205b2551635252f9e8c.glb
e3ba3bf0fa16492b89f1439caee5083e,C:\Users\L-F6404-N10259\.objaverse\hf-objaverse-v1\glbs/000-005/e3ba3bf0fa16492b89f1439caee5083e.glb
11e0c6453f3a4881aa8d118a92787505,C:\Users\L-F6404-N10259\.objaverse\hf-objaverse-v1\glbs/000-107/11e0c6453f3a4881aa8d118a92787505.glb
98b39c575de547a483f8fbaec2c0242f,C:\Users\L-F6404-N10259\.objaverse\hf-objaverse-v1\glbs/000-085/98b39c575de547a483f8fbaec2c0242f.glb
b07dba0b816d4e94814c66e9e34822f7,C:\Users\L-F6404-N10259\.objaverse\hf-objaverse-v1\glbs/000-137/b07dba0b816d4e94814c66e9e34822f7.glb
415772a0e5954fe5a210353915e96445,C:\Users\L-F6404-N10259\.objaverse\hf-objaverse-v1\glbs/000-079/415772a0e5954fe5a210353915e96445.glb
c626625486104768a6cab5eb4ecf9cf3,C:\Users\L-F6404-N10259\.objaverse\hf-objaverse-v1\glbs/000-102/c626625486104768a6cab5eb4ecf9cf3.glb
95db56ed18d04d96a394675ae0c7d9ed,C:\Users\L-F6404-N10259\.objaverse\hf-objaverse-v1\glbs/000-078/95db56ed18d04d96a394675ae0c7d9ed.glb
4f0e65caef354319b10e3d78163af76f,C:\Users\L-F6404-N10259\.objaverse\hf-objaverse-v1\glbs/000-109/4f0e65caef354319b10e3d78163af76f.glb
cebda32042aa4159afca6a1638d00d40,C:\Users\L-F6404-N10259\.objaverse\hf-objaverse-v1\glbs/000-062/cebda32042aa4159afca6a1638d00d40.glb
c4a92f9eafa64e03b8fe6e1c4ce462ab,C:\Users\L-F6404-N10259\.objaverse\hf-objaverse-v1\glbs/000-106/c4a92f9eafa64e03b8fe6e1c4ce462ab.glb
733f971061ba4b688ad098e44cf64a6c,C:\Users\L-F6404-N10259\.objaverse\hf-objaverse-v1\glbs/000-078/733f971061ba4b688ad098e44cf64a6c.glb
587b1c9b68324eb38255572ba0d6adde,C:\Users\L-F6404-N10259\.objaverse\hf-objaverse-v1\glbs/000-137/587b1c9b68324eb38255572ba0d6adde.glb
8a023b8349664f90be46ed277e53132f,C:\Users\L-F6404-N10259\.objaverse\hf-objaverse-v1\glbs/000-063/8a023b8349664f90be46ed277e53132f.glb
a249e3c5902347a39c9397b3c499257a,C:\Users\L-F6404-N10259\.objaverse\hf-objaverse-v1\glbs/000-001/a249e3c5902347a39c9397b3c499257a.glb
690bdd5d6bfd473889e9eaa6d8877dd0,C:\Users\L-F6404-N10259\.objaverse\hf-objaverse-v1\glbs/000-025/690bdd5d6bfd473889e9eaa6d8877dd0.glb
a35537a5c61d4584b8d5baee54d260df,C:\Users\L-F6404-N10259\.objaverse\hf-objaverse-v1\glbs/000-111/a35537a5c61d4584b8d5baee54d260df.glb
63c49ce5f17d4c4c8311f6c2d62a79bd,C:\Users\L-F6404-N10259\.objaverse\hf-objaverse-v1\glbs/000-157/63c49ce5f17d4c4c8311f6c2d62a79bd.glb
f9411ec107e940fa94dcde342368d711,C:\Users\L-F6404-N10259\.objaverse\hf-objaverse-v1\glbs/000-094/f9411ec107e940fa94dcde342368d711.glb
1f9d06cc32ac42d79f2f658327ade425,C:\Users\L-F6404-N10259\.objaverse\hf-objaverse-v1\glbs/000-037/1f9d06cc32ac42d79f2f658327ade425.glb
f9c34aac9f594e8ca176e96cb0155259,C:\Users\L-F6404-N10259\.objaverse\hf-objaverse-v1\glbs/000-093/f9c34aac9f594e8ca176e96cb0155259.glb
6c5355e6928e47308a6999f51aff70ab,C:\Users\L-F6404-N10259\.objaverse\hf-objaverse-v1\glbs/000-154/6c5355e6928e47308a6999f51aff70ab.glb
f4d7a66c61bc4905802577b65cb83523,C:\Users\L-F6404-N10259\.objaverse\hf-objaverse-v1\glbs/000-148/f4d7a66c61bc4905802577b65cb83523.glb
71b5d87275584524aa112f25c7227918,C:\Users\L-F6404-N10259\.objaverse\hf-objaverse-v1\glbs/000-044/71b5d87275584524aa112f25c7227918.glb
9155b2b4be5f452a98837459112a3b9b,C:\Users\L-F6404-N10259\.objaverse\hf-objaverse-v1\glbs/000-022/9155b2b4be5f452a98837459112a3b9b.glb
94bfcf57171a446e9144bbd76dfbf730,C:\Users\L-F6404-N10259\.objaverse\hf-objaverse-v1\glbs/000-067/94bfcf57171a446e9144bbd76dfbf730.glb
f80e4241bebe4a00ad57b0fb8d89b671,C:\Users\L-F6404-N10259\.objaverse\hf-objaverse-v1\glbs/000-125/f80e4241bebe4a00ad57b0fb8d89b671.glb
0002064ef02e46f9a10b4bff10bae805,C:\Users\L-F6404-N10259\.objaverse\hf-objaverse-v1\glbs/000-000/0002064ef02e46f9a10b4bff10bae805.glb
85942e1177c94edd842bb7bd2274b0bd,C:\Users\L-F6404-N10259\.objaverse\hf-objaverse-v1\glbs/000-064/85942e1177c94edd842bb7bd2274b0bd.glb
0bef0065fbea496ca1caf3539c42e166,C:\Users\L-F6404-N10259\.objaverse\hf-objaverse-v1\glbs/000-015/0bef0065fbea496ca1caf3539c42e166.glb
712d1e5c3a944dfba95bafcf92e0aeb2,C:\Users\L-F6404-N10259\.objaverse\hf-objaverse-v1\glbs/000-027/712d1e5c3a944dfba95bafcf92e0aeb2.glb
cf8826a16c50499bbf8777dfe218e3db,C:\Users\L-F6404-N10259\.objaverse\hf-objaverse-v1\glbs/000-104/cf8826a16c50499bbf8777dfe218e3db.glb
ad918e92c653464f84acbf15f959f708,C:\Users\L-F6404-N10259\.objaverse\hf-objaverse-v1\glbs/000-108/ad918e92c653464f84acbf15f959f708.glb
d820c1b9dc154d4a9c5d2654d8086991,C:\Users\L-F6404-N10259\.objaverse\hf-objaverse-v1\glbs/000-046/d820c1b9dc154d4a9c5d2654d8086991.glb
6261c100f0774941b5e6103e778d6c45,C:\Users\L-F6404-N10259\.objaverse\hf-objaverse-v1\glbs/000-141/6261c100f0774941b5e6103e778d6c45.glb
641ccf55ae80479691f2a8f01f97819c,C:\Users\L-F6404-N10259\.objaverse\hf-objaverse-v1\glbs/000-047/641ccf55ae80479691f2a8f01f97819c.glb
57972124483145b4a4bbf4fd4caca6e7,C:\Users\L-F6404-N10259\.objaverse\hf-objaverse-v1\glbs/000-089/57972124483145b4a4bbf4fd4caca6e7.glb
bf2e74bab0e949d389fc1661f9554317,C:\Users\L-F6404-N10259\.objaverse\hf-objaverse-v1\glbs/000-039/bf2e74bab0e949d389fc1661f9554317.glb
41dd3652813a4183946e233def4d3731,C:\Users\L-F6404-N10259\.objaverse\hf-objaverse-v1\glbs/000-108/41dd3652813a4183946e233def4d3731.glb
68b2ec30fdbf4780a12aa7333a9e5188,C:\Users\L-F6404-N10259\.objaverse\hf-objaverse-v1\glbs/000-115/68b2ec30fdbf4780a12aa7333a9e5188.glb
c7dcdfec1bb2415fa5e54703337dc15f,C:\Users\L-F6404-N10259\.objaverse\hf-objaverse-v1\glbs/000-073/c7dcdfec1bb2415fa5e54703337dc15f.glb
91bd399ad59947f8a232c66f4b5d4a12,C:\Users\L-F6404-N10259\.objaverse\hf-objaverse-v1\glbs/000-007/91bd399ad59947f8a232c66f4b5d4a12.glb
7e9e83d1abc24113adec8b9c1ec3a7bb,C:\Users\L-F6404-N10259\.objaverse\hf-objaverse-v1\glbs/000-091/7e9e83d1abc24113adec8b9c1ec3a7bb.glb
3c5815d78bef4ae3b2a8bf6603e44807,C:\Users\L-F6404-N10259\.objaverse\hf-objaverse-v1\glbs/000-125/3c5815d78bef4ae3b2a8bf6603e44807.glb
9241361a5ce14498ada7eb128b1f38ea,C:\Users\L-F6404-N10259\.objaverse\hf-objaverse-v1\glbs/000-053/9241361a5ce14498ada7eb128b1f38ea.glb
8e511ed204444bc3a19cb76c653a63a0,C:\Users\L-F6404-N10259\.objaverse\hf-objaverse-v1\glbs/000-142/8e511ed204444bc3a19cb76c653a63a0.glb
2df864207ad248589dcaa149e445d7d8,C:\Users\L-F6404-N10259\.objaverse\hf-objaverse-v1\glbs/000-119/2df864207ad248589dcaa149e445d7d8.glb
9dd44cda400c48a083ffd9480067f04f,C:\Users\L-F6404-N10259\.objaverse\hf-objaverse-v1\glbs/000-092/9dd44cda400c48a083ffd9480067f04f.glb
341fd3bde213474c9cff8d2665afccfd,C:\Users\L-F6404-N10259\.objaverse\hf-objaverse-v1\glbs/000-153/341fd3bde213474c9cff8d2665afccfd.glb
8086d117922c4fbd8eb66f20111a63d3,C:\Users\L-F6404-N10259\.objaverse\hf-objaverse-v1\glbs/000-134/8086d117922c4fbd8eb66f20111a63d3.glb
28cf19822d954753a9173ebc09f77cf3,C:\Users\L-F6404-N10259\.objaverse\hf-objaverse-v1\glbs/000-153/28cf19822d954753a9173ebc09f77cf3.glb
46e6d32e39f7406484da6f47b5bbac80,C:\Users\L-F6404-N10259\.objaverse\hf-objaverse-v1\glbs/000-079/46e6d32e39f7406484da6f47b5bbac80.glb
1f54a72db6744f83aea120c84e2cc2bf,C:\Users\L-F6404-N10259\.objaverse\hf-objaverse-v1\glbs/000-028/1f54a72db6744f83aea120c84e2cc2bf.glb
9e736e5bcee4442da616095015b96ee1,C:\Users\L-F6404-N10259\.objaverse\hf-objaverse-v1\glbs/000-146/9e736e5bcee4442da616095015b96ee1.glb
3c4ba0da6dc0439a9161e2def1635d21,C:\Users\L-F6404-N10259\.objaverse\hf-objaverse-v1\glbs/000-051/3c4ba0da6dc0439a9161e2def1635d21.glb
7e094efa6d184bdb8d0e05f5d0961f13,C:\Users\L-F6404-N10259\.objaverse\hf-objaverse-v1\glbs/000-107/7e094efa6d184bdb8d0e05f5d0961f13.glb
4a29a96da559495ca9ff2c06847ebbe9,C:\Users\L-F6404-N10259\.objaverse\hf-objaverse-v1\glbs/000-130/4a29a96da559495ca9ff2c06847ebbe9.glb
8ce9404534674d419f9d47bb096a1fbc,C:\Users\L-F6404-N10259\.objaverse\hf-objaverse-v1\glbs/000-090/8ce9404534674d419f9d47bb096a1fbc.glb
6c13dd979b074b9facd5ea6648597a59,C:\Users\L-F6404-N10259\.objaverse\hf-objaverse-v1\glbs/000-049/6c13dd979b074b9facd5ea6648597a59.glb
5d495c00d096428f8ab858d3145f2b62,C:\Users\L-F6404-N10259\.objaverse\hf-objaverse-v1\glbs/000-019/5d495c00d096428f8ab858d3145f2b62.glb
d5145151f9584f21a655f63b97ae5b62,C:\Users\L-F6404-N10259\.objaverse\hf-objaverse-v1\glbs/000-071/d5145151f9584f21a655f63b97ae5b62.glb
dbac58a0440f47709bf5c36d6f2116cd,C:\Users\L-F6404-N10259\.objaverse\hf-objaverse-v1\glbs/000-050/dbac58a0440f47709bf5c36d6f2116cd.glb
1e5c26dc09c34e3a89858812abaf7ad8,C:\Users\L-F6404-N10259\.objaverse\hf-objaverse-v1\glbs/000-045/1e5c26dc09c34e3a89858812abaf7ad8.glb
3cafd8e77b6e402ebc84c19f6acceb3b,C:\Users\L-F6404-N10259\.objaverse\hf-objaverse-v1\glbs/000-021/3cafd8e77b6e402ebc84c19f6acceb3b.glb
0036481f67544ee79b067305af33ea4b,C:\Users\L-F6404-N10259\.objaverse\hf-objaverse-v1\glbs/000-000/0036481f67544ee79b067305af33ea4b.glb
51b27f90817f40d4b5a34b630dc2b31a,C:\Users\L-F6404-N10259\.objaverse\hf-objaverse-v1\glbs/000-090/51b27f90817f40d4b5a34b630dc2b31a.glb
3ee733bfd37b4692a7efb7719ba32626,C:\Users\L-F6404-N10259\.objaverse\hf-objaverse-v1\glbs/000-091/3ee733bfd37b4692a7efb7719ba32626.glb
49f7cba7179c4a44b4fb6b00f583cbbc,C:\Users\L-F6404-N10259\.objaverse\hf-objaverse-v1\glbs/000-095/49f7cba7179c4a44b4fb6b00f583cbbc.glb
fb3ff27a30bb4243b8006bc997f4d8a4,C:\Users\L-F6404-N10259\.objaverse\hf-objaverse-v1\glbs/000-081/fb3ff27a30bb4243b8006bc997f4d8a4.glb
8230e789f9214e5f9bd5ac3dab938667,C:\Users\L-F6404-N10259\.objaverse\hf-objaverse-v1\glbs/000-145/8230e789f9214e5f9bd5ac3dab938667.glb
022f2092ded7436ca793f1948d7db12f,C:\Users\L-F6404-N10259\.objaverse\hf-objaverse-v1\glbs/000-000/022f2092ded7436ca793f1948d7db12f.glb
c0861ea40ffd42449c2604cd53f7e339,C:\Users\L-F6404-N10259\.objaverse\hf-objaverse-v1\glbs/000-042/c0861ea40ffd42449c2604cd53f7e339.glb
7d52600a15c747749d845d9f906045cf,C:\Users\L-F6404-N10259\.objaverse\hf-objaverse-v1\glbs/000-000/7d52600a15c747749d845d9f906045cf.glb
ac1c48faad454b138748e975f9be929e,C:\Users\L-F6404-N10259\.objaverse\hf-objaverse-v1\glbs/000-031/ac1c48faad454b138748e975f9be929e.glb
2c2baa9563db4f20ba23f869ec3288dc,C:\Users\L-F6404-N10259\.objaverse\hf-objaverse-v1\glbs/000-100/2c2baa9563db4f20ba23f869ec3288dc.glb
928428f75c764eaa93017161aa6900f2,C:\Users\L-F6404-N10259\.objaverse\hf-objaverse-v1\glbs/000-066/928428f75c764eaa93017161aa6900f2.glb
b4b640a1b01d41098241c51fb5798d14,C:\Users\L-F6404-N10259\.objaverse\hf-objaverse-v1\glbs/000-094/b4b640a1b01d41098241c51fb5798d14.glb
a845d1e7564a4c67b5f9ad61e24e9b10,C:\Users\L-F6404-N10259\.objaverse\hf-objaverse-v1\glbs/000-125/a845d1e7564a4c67b5f9ad61e24e9b10.glb
b1e50932b5bc496daa1f52837c844556,C:\Users\L-F6404-N10259\.objaverse\hf-objaverse-v1\glbs/000-114/b1e50932b5bc496daa1f52837c844556.glb
8e139a03c7aa41b9bcef18a5a7ac0cd1,C:\Users\L-F6404-N10259\.objaverse\hf-objaverse-v1\glbs/000-030/8e139a03c7aa41b9bcef18a5a7ac0cd1.glb
d9db0cbb1b0542ff820e5e03f52b4387,C:\Users\L-F6404-N10259\.objaverse\hf-objaverse-v1\glbs/000-031/d9db0cbb1b0542ff820e5e03f52b4387.glb
3211326aee364a8b840c6425b6d4e7b9,C:\Users\L-F6404-N10259\.objaverse\hf-objaverse-v1\glbs/000-093/3211326aee364a8b840c6425b6d4e7b9.glb
f84d70e942e143dea51ad6490a081008,C:\Users\L-F6404-N10259\.objaverse\hf-objaverse-v1\glbs/000-136/f84d70e942e143dea51ad6490a081008.glb
5cefd413443140f4a9228ccd01c875f0,C:\Users\L-F6404-N10259\.objaverse\hf-objaverse-v1\glbs/000-148/5cefd413443140f4a9228ccd01c875f0.glb
2aed1e413cfc4980986194bbc5f3f4fc,C:\Users\L-F6404-N10259\.objaverse\hf-objaverse-v1\glbs/000-090/2aed1e413cfc4980986194bbc5f3f4fc.glb
0b0bd9f8dce44391a7093b5efc1015a6,C:\Users\L-F6404-N10259\.objaverse\hf-objaverse-v1\glbs/000-059/0b0bd9f8dce44391a7093b5efc1015a6.glb
5a94bdef81444de29e8ec73a70d536f1,C:\Users\L-F6404-N10259\.objaverse\hf-objaverse-v1\glbs/000-004/5a94bdef81444de29e8ec73a70d536f1.glb
78a77b69021e4b008fa5d0872da3adae,C:\Users\L-F6404-N10259\.objaverse\hf-objaverse-v1\glbs/000-008/78a77b69021e4b008fa5d0872da3adae.glb
ccf94391d45747b4a3aae700c143df20,C:\Users\L-F6404-N10259\.objaverse\hf-objaverse-v1\glbs/000-088/ccf94391d45747b4a3aae700c143df20.glb
959291591aff4c8fab3f00b0db055932,C:\Users\L-F6404-N10259\.objaverse\hf-objaverse-v1\glbs/000-040/959291591aff4c8fab3f00b0db055932.glb
917f876032864a4d9719a20c8fa5f492,C:\Users\L-F6404-N10259\.objaverse\hf-objaverse-v1\glbs/000-126/917f876032864a4d9719a20c8fa5f492.glb
be5feef0db774c0d8db615190bfd649b,C:\Users\L-F6404-N10259\.objaverse\hf-objaverse-v1\glbs/000-075/be5feef0db774c0d8db615190bfd649b.glb
0334b8947dae46a0956b82fad52f63b1,C:\Users\L-F6404-N10259\.objaverse\hf-objaverse-v1\glbs/000-000/0334b8947dae46a0956b82fad52f63b1.glb
49ff5037af0b45fbab69680fcb3228a2,C:\Users\L-F6404-N10259\.objaverse\hf-objaverse-v1\glbs/000-030/49ff5037af0b45fbab69680fcb3228a2.glb
e3e172ee8d184134bc2143f0834eb470,C:\Users\L-F6404-N10259\.objaverse\hf-objaverse-v1\glbs/000-082/e3e172ee8d184134bc2143f0834eb470.glb
c990fff8a1c145acb00f7d0bf6d4d708,C:\Users\L-F6404-N10259\.objaverse\hf-objaverse-v1\glbs/000-090/c990fff8a1c145acb00f7d0bf6d4d708.glb
33e3ee24e353431c83561c96faa6454e,C:\Users\L-F6404-N10259\.objaverse\hf-objaverse-v1\glbs/000-069/33e3ee24e353431c83561c96faa6454e.glb
b3eb949fc4184ee698a768db932643bb,C:\Users\L-F6404-N10259\.objaverse\hf-objaverse-v1\glbs/000-088/b3eb949fc4184ee698a768db932643bb.glb
bcc3b206b4554d288e8eae93ed08c38f,C:\Users\L-F6404-N10259\.objaverse\hf-objaverse-v1\glbs/000-102/bcc3b206b4554d288e8eae93ed08c38f.glb
b420bfbdb5ca4fdfaaa2432cd4e76f97,C:\Users\L-F6404-N10259\.objaverse\hf-objaverse-v1\glbs/000-136/b420bfbdb5ca4fdfaaa2432cd4e76f97.glb
05f5e371f6f8473b9ccf0f690cb17d46,C:\Users\L-F6404-N10259\.objaverse\hf-objaverse-v1\glbs/000-150/05f5e371f6f8473b9ccf0f690cb17d46.glb
603d067ea2094550842bf65ad7c7e279,C:\Users\L-F6404-N10259\.objaverse\hf-objaverse-v1\glbs/000-097/603d067ea2094550842bf65ad7c7e279.glb
fcff1bddc64c4c9e98f85ff848a8a0eb,C:\Users\L-F6404-N10259\.objaverse\hf-objaverse-v1\glbs/000-112/fcff1bddc64c4c9e98f85ff848a8a0eb.glb
6a2744b34bc748fa8a42998ac4750567,C:\Users\L-F6404-N10259\.objaverse\hf-objaverse-v1\glbs/000-053/6a2744b34bc748fa8a42998ac4750567.glb
33c7c6ea25664c9bb8f62827a4169df2,C:\Users\L-F6404-N10259\.objaverse\hf-objaverse-v1\glbs/000-024/33c7c6ea25664c9bb8f62827a4169df2.glb
433529b3f44845f0abb742c1da85da4c,C:\Users\L-F6404-N10259\.objaverse\hf-objaverse-v1\glbs/000-033/433529b3f44845f0abb742c1da85da4c.glb
0d5590d1d2184aa98797c3d6382afd7e,C:\Users\L-F6404-N10259\.objaverse\hf-objaverse-v1\glbs/000-105/0d5590d1d2184aa98797c3d6382afd7e.glb
31e695688f7d40bd91703539f10f8d54,C:\Users\L-F6404-N10259\.objaverse\hf-objaverse-v1\glbs/000-139/31e695688f7d40bd91703539f10f8d54.glb
511d44e5693549ca9c4002752a35fcb2,C:\Users\L-F6404-N10259\.objaverse\hf-objaverse-v1\glbs/000-041/511d44e5693549ca9c4002752a35fcb2.glb
eee70cb7980a4ca7aa0a2f86c492283e,C:\Users\L-F6404-N10259\.objaverse\hf-objaverse-v1\glbs/000-105/eee70cb7980a4ca7aa0a2f86c492283e.glb
6b46b33bdff44269bf9391774bb8dd63,C:\Users\L-F6404-N10259\.objaverse\hf-objaverse-v1\glbs/000-119/6b46b33bdff44269bf9391774bb8dd63.glb
2fbb8f56b1ba47bdb6746d95b6fc2242,C:\Users\L-F6404-N10259\.objaverse\hf-objaverse-v1\glbs/000-157/2fbb8f56b1ba47bdb6746d95b6fc2242.glb
0039218299e647d788844de8e1ef7cc2,C:\Users\L-F6404-N10259\.objaverse\hf-objaverse-v1\glbs/000-000/0039218299e647d788844de8e1ef7cc2.glb
3f8ac23a89984e7493d4284b6f99a835,C:\Users\L-F6404-N10259\.objaverse\hf-objaverse-v1\glbs/000-130/3f8ac23a89984e7493d4284b6f99a835.glb
ade41221909748209406d91b20c0b06d,C:\Users\L-F6404-N10259\.objaverse\hf-objaverse-v1\glbs/000-153/ade41221909748209406d91b20c0b06d.glb
77b265e330ff44b09450e848d25ecaaa,C:\Users\L-F6404-N10259\.objaverse\hf-objaverse-v1\glbs/000-146/77b265e330ff44b09450e848d25ecaaa.glb
0ff6d080b2eb4561a21a07c2cd00ae88,C:\Users\L-F6404-N10259\.objaverse\hf-objaverse-v1\glbs/000-010/0ff6d080b2eb4561a21a07c2cd00ae88.glb
fa968bf5d57a4265bedb233293870dc2,C:\Users\L-F6404-N10259\.objaverse\hf-objaverse-v1\glbs/000-095/fa968bf5d57a4265bedb233293870dc2.glb
18234b9b760f4833b68ba0fd6ca988c3,C:\Users\L-F6404-N10259\.objaverse\hf-objaverse-v1\glbs/000-052/18234b9b760f4833b68ba0fd6ca988c3.glb
ac1064a1eb1d4af5bd1efb158b7d1f88,C:\Users\L-F6404-N10259\.objaverse\hf-objaverse-v1\glbs/000-110/ac1064a1eb1d4af5bd1efb158b7d1f88.glb
2179f56c4d4645ffa2c70c8e707b9065,C:\Users\L-F6404-N10259\.objaverse\hf-objaverse-v1\glbs/000-059/2179f56c4d4645ffa2c70c8e707b9065.glb
2d89e22eaaa24f8f95b3205ef85bb4c0,C:\Users\L-F6404-N10259\.objaverse\hf-objaverse-v1\glbs/000-126/2d89e22eaaa24f8f95b3205ef85bb4c0.glb
be9b034525c246cebab3620acb5a8027,C:\Users\L-F6404-N10259\.objaverse\hf-objaverse-v1\glbs/000-043/be9b034525c246cebab3620acb5a8027.glb
16daedff659a47539ddee0934750e839,C:\Users\L-F6404-N10259\.objaverse\hf-objaverse-v1\glbs/000-121/16daedff659a47539ddee0934750e839.glb
7c56b33a7f304addb1961b1db55329bc,C:\Users\L-F6404-N10259\.objaverse\hf-objaverse-v1\glbs/000-158/7c56b33a7f304addb1961b1db55329bc.glb
561600ef2e4f4480b7b09f1f52a280e0,C:\Users\L-F6404-N10259\.objaverse\hf-objaverse-v1\glbs/000-102/561600ef2e4f4480b7b09f1f52a280e0.glb
eed294ff80bf46b1bfb3a2dbbb69428c,C:\Users\L-F6404-N10259\.objaverse\hf-objaverse-v1\glbs/000-084/eed294ff80bf46b1bfb3a2dbbb69428c.glb
a8805d4ce9aa4d239e5455243555f09c,C:\Users\L-F6404-N10259\.objaverse\hf-objaverse-v1\glbs/000-017/a8805d4ce9aa4d239e5455243555f09c.glb
3f74a87d7e574adfa011dfb36a3a02a7,C:\Users\L-F6404-N10259\.objaverse\hf-objaverse-v1\glbs/000-065/3f74a87d7e574adfa011dfb36a3a02a7.glb
d58eea1a6ee746d29fd18f2d9e1a559d,C:\Users\L-F6404-N10259\.objaverse\hf-objaverse-v1\glbs/000-096/d58eea1a6ee746d29fd18f2d9e1a559d.glb
8990c7da456f47d193106aa1f2f2442f,C:\Users\L-F6404-N10259\.objaverse\hf-objaverse-v1\glbs/000-041/8990c7da456f47d193106aa1f2f2442f.glb
00010d9634f645859d2e252d189b31d5,C:\Users\L-F6404-N10259\.objaverse\hf-objaverse-v1\glbs/000-000/00010d9634f645859d2e252d189b31d5.glb
ab29ecc0ad444166a483a2bf82de07f2,C:\Users\L-F6404-N10259\.objaverse\hf-objaverse-v1\glbs/000-155/ab29ecc0ad444166a483a2bf82de07f2.glb
5b2526c400f142a78bc840cff65ad57a,C:\Users\L-F6404-N10259\.objaverse\hf-objaverse-v1\glbs/000-035/5b2526c400f142a78bc840cff65ad57a.glb
e8eebcc02ba84bfeb52a78ce6c69dd7b,C:\Users\L-F6404-N10259\.objaverse\hf-objaverse-v1\glbs/000-116/e8eebcc02ba84bfeb52a78ce6c69dd7b.glb
68ba20aeb8fe4a03befaa2db5b429758,C:\Users\L-F6404-N10259\.objaverse\hf-objaverse-v1\glbs/000-055/68ba20aeb8fe4a03befaa2db5b429758.glb
3e3fb2880a184a418dfa62581d07e12d,C:\Users\L-F6404-N10259\.objaverse\hf-objaverse-v1\glbs/000-033/3e3fb2880a184a418dfa62581d07e12d.glb
8b6aceea281742c0a539bde0ba68dfc6,C:\Users\L-F6404-N10259\.objaverse\hf-objaverse-v1\glbs/000-017/8b6aceea281742c0a539bde0ba68dfc6.glb
480a866fbdca45cf8305d304484bfd82,C:\Users\L-F6404-N10259\.objaverse\hf-objaverse-v1\glbs/000-045/480a866fbdca45cf8305d304484bfd82.glb
8fb06477b89b4d8c9e815d1c79bd7c7d,C:\Users\L-F6404-N10259\.objaverse\hf-objaverse-v1\glbs/000-024/8fb06477b89b4d8c9e815d1c79bd7c7d.glb
e8c6dbdec8cf4b71bd72da63e27ee104,C:\Users\L-F6404-N10259\.objaverse\hf-objaverse-v1\glbs/000-130/e8c6dbdec8cf4b71bd72da63e27ee104.glb
00286954e2d54db8bc7832cc8682b6ff,C:\Users\L-F6404-N10259\.objaverse\hf-objaverse-v1\glbs/000-000/00286954e2d54db8bc7832cc8682b6ff.glb
6a4765c336cd425aa33cc2d5fc2ef29c,C:\Users\L-F6404-N10259\.objaverse\hf-objaverse-v1\glbs/000-059/6a4765c336cd425aa33cc2d5fc2ef29c.glb
a5cce410728140c492855a109f219ac1,C:\Users\L-F6404-N10259\.objaverse\hf-objaverse-v1\glbs/000-018/a5cce410728140c492855a109f219ac1.glb
c1e84a838f644940ae5b40e19bcdfff8,C:\Users\L-F6404-N10259\.objaverse\hf-objaverse-v1\glbs/000-151/c1e84a838f644940ae5b40e19bcdfff8.glb
245eda28e866471dbdc6a77d19d66a74,C:\Users\L-F6404-N10259\.objaverse\hf-objaverse-v1\glbs/000-148/245eda28e866471dbdc6a77d19d66a74.glb
d07d3bdfb250443d8c2251eeb3c40735,C:\Users\L-F6404-N10259\.objaverse\hf-objaverse-v1\glbs/000-080/d07d3bdfb250443d8c2251eeb3c40735.glb
202f3448f68c44ceaa5f7f8e28807341,C:\Users\L-F6404-N10259\.objaverse\hf-objaverse-v1\glbs/000-156/202f3448f68c44ceaa5f7f8e28807341.glb
a87ae6282dec4eddb89d7c5c76187ba7,C:\Users\L-F6404-N10259\.objaverse\hf-objaverse-v1\glbs/000-110/a87ae6282dec4eddb89d7c5c76187ba7.glb
a58aabdd62854c778e2e6e779ce16124,C:\Users\L-F6404-N10259\.objaverse\hf-objaverse-v1\glbs/000-025/a58aabdd62854c778e2e6e779ce16124.glb
6542db5456ec4489ae1c5ef40f079a57,C:\Users\L-F6404-N10259\.objaverse\hf-objaverse-v1\glbs/000-017/6542db5456ec4489ae1c5ef40f079a57.glb
fca10e4c57f543fe8a5153551b551c7f,C:\Users\L-F6404-N10259\.objaverse\hf-objaverse-v1\glbs/000-130/fca10e4c57f543fe8a5153551b551c7f.glb
73e7b28141024479bcf6c3e4cabf929c,C:\Users\L-F6404-N10259\.objaverse\hf-objaverse-v1\glbs/000-158/73e7b28141024479bcf6c3e4cabf929c.glb
00c86cb620a743cc81d9cb87ad4d8696,C:\Users\L-F6404-N10259\.objaverse\hf-objaverse-v1\glbs/000-000/00c86cb620a743cc81d9cb87ad4d8696.glb
045b91b6257141d285c74a6bf1fceb9c,C:\Users\L-F6404-N10259\.objaverse\hf-objaverse-v1\glbs/000-000/045b91b6257141d285c74a6bf1fceb9c.glb
35626457781349f5a18ef9783f77c89d,C:\Users\L-F6404-N10259\.objaverse\hf-objaverse-v1\glbs/000-130/35626457781349f5a18ef9783f77c89d.glb
4655f87dfe2e47aa8ecd3ddc2443c240,C:\Users\L-F6404-N10259\.objaverse\hf-objaverse-v1\glbs/000-114/4655f87dfe2e47aa8ecd3ddc2443c240.glb
78dd6c8318ee43ff8d33687267707a54,C:\Users\L-F6404-N10259\.objaverse\hf-objaverse-v1\glbs/000-110/78dd6c8318ee43ff8d33687267707a54.glb
0f788280acd84006831b13b08c0f8bf8,C:\Users\L-F6404-N10259\.objaverse\hf-objaverse-v1\glbs/000-029/0f788280acd84006831b13b08c0f8bf8.glb
40b55608bd974cf08039c8f553f933aa,C:\Users\L-F6404-N10259\.objaverse\hf-objaverse-v1\glbs/000-078/40b55608bd974cf08039c8f553f933aa.glb
696eabb35c77420a848a1d2bf6fa812d,C:\Users\L-F6404-N10259\.objaverse\hf-objaverse-v1\glbs/000-067/696eabb35c77420a848a1d2bf6fa812d.glb
63232a4cf7cb4f5284853c2dffd618f5,C:\Users\L-F6404-N10259\.objaverse\hf-objaverse-v1\glbs/000-012/63232a4cf7cb4f5284853c2dffd618f5.glb
b08a7135cad84e0ca222a8cff075109b,C:\Users\L-F6404-N10259\.objaverse\hf-objaverse-v1\glbs/000-126/b08a7135cad84e0ca222a8cff075109b.glb
4b62714e0ab84d80a2cd1c1ac4fb02b0,C:\Users\L-F6404-N10259\.objaverse\hf-objaverse-v1\glbs/000-158/4b62714e0ab84d80a2cd1c1ac4fb02b0.glb
1c77a05af556408dbfa04ad1999a8a32,C:\Users\L-F6404-N10259\.objaverse\hf-objaverse-v1\glbs/000-144/1c77a05af556408dbfa04ad1999a8a32.glb
fa87f31a66f24baebac12ebc7c4b4cb5,C:\Users\L-F6404-N10259\.objaverse\hf-objaverse-v1\glbs/000-143/fa87f31a66f24baebac12ebc7c4b4cb5.glb
07c4feb4845d40459bb9bba3fd439e79,C:\Users\L-F6404-N10259\.objaverse\hf-objaverse-v1\glbs/000-101/07c4feb4845d40459bb9bba3fd439e79.glb
5426e6f3a789442eac69ffcb53710a26,C:\Users\L-F6404-N10259\.objaverse\hf-objaverse-v1\glbs/000-108/5426e6f3a789442eac69ffcb53710a26.glb
0d3086601c914ca19404ad30a3fce593,C:\Users\L-F6404-N10259\.objaverse\hf-objaverse-v1\glbs/000-136/0d3086601c914ca19404ad30a3fce593.glb
64402258bbcc4c99b648057f8bd2aed6,C:\Users\L-F6404-N10259\.objaverse\hf-objaverse-v1\glbs/000-153/64402258bbcc4c99b648057f8bd2aed6.glb
1883273bf37f48218e7f5c1d8f6609ea,C:\Users\L-F6404-N10259\.objaverse\hf-objaverse-v1\glbs/000-087/1883273bf37f48218e7f5c1d8f6609ea.glb
2678ba288c7f4131ab1509e0c27c1c7a,C:\Users\L-F6404-N10259\.objaverse\hf-objaverse-v1\glbs/000-100/2678ba288c7f4131ab1509e0c27c1c7a.glb
4705d3b006694c2da3a6662f34060bfe,C:\Users\L-F6404-N10259\.objaverse\hf-objaverse-v1\glbs/000-101/4705d3b006694c2da3a6662f34060bfe.glb
f8052beda9344eba88c5692c6a29a2cf,C:\Users\L-F6404-N10259\.objaverse\hf-objaverse-v1\glbs/000-012/f8052beda9344eba88c5692c6a29a2cf.glb
dfcd6f9d7aba46938912a0f68d0ce676,C:\Users\L-F6404-N10259\.objaverse\hf-objaverse-v1\glbs/000-057/dfcd6f9d7aba46938912a0f68d0ce676.glb
c61227cac7224b86b43c53ac2a2b6ec7,C:\Users\L-F6404-N10259\.objaverse\hf-objaverse-v1\glbs/000-011/c61227cac7224b86b43c53ac2a2b6ec7.glb
58426b30f2d14588b4464d5e860b40bf,C:\Users\L-F6404-N10259\.objaverse\hf-objaverse-v1\glbs/000-138/58426b30f2d14588b4464d5e860b40bf.glb
aa0b52a4bb894529af9c0de929067704,C:\Users\L-F6404-N10259\.objaverse\hf-objaverse-v1\glbs/000-147/aa0b52a4bb894529af9c0de929067704.glb
5e9ad4f128cb489aa3e0846a1fa74ebb,C:\Users\L-F6404-N10259\.objaverse\hf-objaverse-v1\glbs/000-012/5e9ad4f128cb489aa3e0846a1fa74ebb.glb
0cae68e893dc4d94bf2013a02789efe6,C:\Users\L-F6404-N10259\.objaverse\hf-objaverse-v1\glbs/000-051/0cae68e893dc4d94bf2013a02789efe6.glb
742fbdd5bf314a488494a4afdba92b25,C:\Users\L-F6404-N10259\.objaverse\hf-objaverse-v1\glbs/000-105/742fbdd5bf314a488494a4afdba92b25.glb
8de9fd5da97a455dbed078676b532cfb,C:\Users\L-F6404-N10259\.objaverse\hf-objaverse-v1\glbs/000-049/8de9fd5da97a455dbed078676b532cfb.glb
6931e14a96f64b158ac4cebcf7ae8763,C:\Users\L-F6404-N10259\.objaverse\hf-objaverse-v1\glbs/000-127/6931e14a96f64b158ac4cebcf7ae8763.glb
63ac173b927b404e9582e817361c583d,C:\Users\L-F6404-N10259\.objaverse\hf-objaverse-v1\glbs/000-111/63ac173b927b404e9582e817361c583d.glb
775a10863f4b4819a409788ad183e2d5,C:\Users\L-F6404-N10259\.objaverse\hf-objaverse-v1\glbs/000-079/775a10863f4b4819a409788ad183e2d5.glb
2f549172424a4b8b8976f55511b616e8,C:\Users\L-F6404-N10259\.objaverse\hf-objaverse-v1\glbs/000-056/2f549172424a4b8b8976f55511b616e8.glb
99d6bc041c9d4f56ab414b771e14474c,C:\Users\L-F6404-N10259\.objaverse\hf-objaverse-v1\glbs/000-089/99d6bc041c9d4f56ab414b771e14474c.glb
36ef9c80cceb48909e11b358aee00223,C:\Users\L-F6404-N10259\.objaverse\hf-objaverse-v1\glbs/000-046/36ef9c80cceb48909e11b358aee00223.glb
b8834458ea7d49b8813ffc910cfbf486,C:\Users\L-F6404-N10259\.objaverse\hf-objaverse-v1\glbs/000-131/b8834458ea7d49b8813ffc910cfbf486.glb
49cdc200eaf640489b99ca818165427a,C:\Users\L-F6404-N10259\.objaverse\hf-objaverse-v1\glbs/000-121/49cdc200eaf640489b99ca818165427a.glb
0f2ec471c84949d681ac443a458afec8,C:\Users\L-F6404-N10259\.objaverse\hf-objaverse-v1\glbs/000-081/0f2ec471c84949d681ac443a458afec8.glb
e725a56459c2418db0a7c2fc5733ccf0,C:\Users\L-F6404-N10259\.objaverse\hf-objaverse-v1\glbs/000-088/e725a56459c2418db0a7c2fc5733ccf0.glb
c71f570d21634b7ab50364277e1badcf,C:\Users\L-F6404-N10259\.objaverse\hf-objaverse-v1\glbs/000-158/c71f570d21634b7ab50364277e1badcf.glb
008fda58985040279284e7498dd30c49,C:\Users\L-F6404-N10259\.objaverse\hf-objaverse-v1\glbs/000-000/008fda58985040279284e7498dd30c49.glb
2b2b1ff0d61847b6970a7ea38f9ace69,C:\Users\L-F6404-N10259\.objaverse\hf-objaverse-v1\glbs/000-078/2b2b1ff0d61847b6970a7ea38f9ace69.glb
33bbf5563eb64d2cb5d7dd7354d6bb2e,C:\Users\L-F6404-N10259\.objaverse\hf-objaverse-v1\glbs/000-081/33bbf5563eb64d2cb5d7dd7354d6bb2e.glb
dbf953026bfd45ddab67f6554c1018ad,C:\Users\L-F6404-N10259\.objaverse\hf-objaverse-v1\glbs/000-071/dbf953026bfd45ddab67f6554c1018ad.glb
b0d8f34da95848a1950587d9b65e4136,C:\Users\L-F6404-N10259\.objaverse\hf-objaverse-v1\glbs/000-088/b0d8f34da95848a1950587d9b65e4136.glb
f71bbb8e9b2346c499370cc7f407fbb3,C:\Users\L-F6404-N10259\.objaverse\hf-objaverse-v1\glbs/000-061/f71bbb8e9b2346c499370cc7f407fbb3.glb
c32b9e95b95e4b779351cd7d926a1031,C:\Users\L-F6404-N10259\.objaverse\hf-objaverse-v1\glbs/000-102/c32b9e95b95e4b779351cd7d926a1031.glb
cf408bb49d7948db8d3237d27a1b7c3d,C:\Users\L-F6404-N10259\.objaverse\hf-objaverse-v1\glbs/000-137/cf408bb49d7948db8d3237d27a1b7c3d.glb
a2d952cd645e4288ab7f80fa2ca9ec13,C:\Users\L-F6404-N10259\.objaverse\hf-objaverse-v1\glbs/000-032/a2d952cd645e4288ab7f80fa2ca9ec13.glb
bf47eea601784059aa52f2929a0c9ada,C:\Users\L-F6404-N10259\.objaverse\hf-objaverse-v1\glbs/000-131/bf47eea601784059aa52f2929a0c9ada.glb
ee5a6480effb4633b25479bc6accd135,C:\Users\L-F6404-N10259\.objaverse\hf-objaverse-v1\glbs/000-153/ee5a6480effb4633b25479bc6accd135.glb
b1e637f894d04889a21b8b92dff66dcd,C:\Users\L-F6404-N10259\.objaverse\hf-objaverse-v1\glbs/000-045/b1e637f894d04889a21b8b92dff66dcd.glb
efbf5b3579994a3aaf0fea15706afaa3,C:\Users\L-F6404-N10259\.objaverse\hf-objaverse-v1\glbs/000-001/efbf5b3579994a3aaf0fea15706afaa3.glb
83191c1073b04a0f9b60d3975545adad,C:\Users\L-F6404-N10259\.objaverse\hf-objaverse-v1\glbs/000-111/83191c1073b04a0f9b60d3975545adad.glb
dd9c1d0087ae486ea98232c799c05846,C:\Users\L-F6404-N10259\.objaverse\hf-objaverse-v1\glbs/000-067/dd9c1d0087ae486ea98232c799c05846.glb
3cc1b049a8a9485fbb8772af8ba95cb9,C:\Users\L-F6404-N10259\.objaverse\hf-objaverse-v1\glbs/000-136/3cc1b049a8a9485fbb8772af8ba95cb9.glb
f9ae3e61ba254b63a6134d0445380ce2,C:\Users\L-F6404-N10259\.objaverse\hf-objaverse-v1\glbs/000-144/f9ae3e61ba254b63a6134d0445380ce2.glb
71173f9603794e0eb52db39a7f26216a,C:\Users\L-F6404-N10259\.objaverse\hf-objaverse-v1\glbs/000-145/71173f9603794e0eb52db39a7f26216a.glb
8c8425306a9642f7ab801e0ea476815b,C:\Users\L-F6404-N10259\.objaverse\hf-objaverse-v1\glbs/000-078/8c8425306a9642f7ab801e0ea476815b.glb
6d5357a57ac944bd929dd043d29ffe1d,C:\Users\L-F6404-N10259\.objaverse\hf-objaverse-v1\glbs/000-054/6d5357a57ac944bd929dd043d29ffe1d.glb
513621a3eab84736a4dd3910363e7a98,C:\Users\L-F6404-N10259\.objaverse\hf-objaverse-v1\glbs/000-020/513621a3eab84736a4dd3910363e7a98.glb
d4b47930bdc546e79abbd3d1c5433aff,C:\Users\L-F6404-N10259\.objaverse\hf-objaverse-v1\glbs/000-053/d4b47930bdc546e79abbd3d1c5433aff.glb
9a29c54eb5bb40a1a244b1e1ee29eda3,C:\Users\L-F6404-N10259\.objaverse\hf-objaverse-v1\glbs/000-091/9a29c54eb5bb40a1a244b1e1ee29eda3.glb
58a6c7f34c32485da095a8e942b57756,C:\Users\L-F6404-N10259\.objaverse\hf-objaverse-v1\glbs/000-097/58a6c7f34c32485da095a8e942b57756.glb
081bbc6af697476da7f057ad89697f62,C:\Users\L-F6404-N10259\.objaverse\hf-objaverse-v1\glbs/000-140/081bbc6af697476da7f057ad89697f62.glb
6e7b47c9a23f4a40a2f915024f73dd3a,C:\Users\L-F6404-N10259\.objaverse\hf-objaverse-v1\glbs/000-061/6e7b47c9a23f4a40a2f915024f73dd3a.glb
a224dce2b2614ad1b9f3c50fca505818,C:\Users\L-F6404-N10259\.objaverse\hf-objaverse-v1\glbs/000-145/a224dce2b2614ad1b9f3c50fca505818.glb
e32e0db5baca414baa50b7b4ca5f0999,C:\Users\L-F6404-N10259\.objaverse\hf-objaverse-v1\glbs/000-038/e32e0db5baca414baa50b7b4ca5f0999.glb
feb6d77f702b4ee2b5204e07d37373b5,C:\Users\L-F6404-N10259\.objaverse\hf-objaverse-v1\glbs/000-104/feb6d77f702b4ee2b5204e07d37373b5.glb
35302da1e80d4ec89189b71b1fb9eb93,C:\Users\L-F6404-N10259\.objaverse\hf-objaverse-v1\glbs/000-068/35302da1e80d4ec89189b71b1fb9eb93.glb
35dbd8a2896a44e080ec1359c02829df,C:\Users\L-F6404-N10259\.objaverse\hf-objaverse-v1\glbs/000-029/35dbd8a2896a44e080ec1359c02829df.glb
d838fc2535c64927a817da5a84d83a2a,C:\Users\L-F6404-N10259\.objaverse\hf-objaverse-v1\glbs/000-108/d838fc2535c64927a817da5a84d83a2a.glb
98794f0126fa479398b029e87798b26f,C:\Users\L-F6404-N10259\.objaverse\hf-objaverse-v1\glbs/000-089/98794f0126fa479398b029e87798b26f.glb
f45e518d6c9844a2b38b143a84833058,C:\Users\L-F6404-N10259\.objaverse\hf-objaverse-v1\glbs/000-070/f45e518d6c9844a2b38b143a84833058.glb
4e0993560f6e4e7cb08b321902d279c9,C:\Users\L-F6404-N10259\.objaverse\hf-objaverse-v1\glbs/000-149/4e0993560f6e4e7cb08b321902d279c9.glb
ce105cabdcd54cc1826494ce2fb6514e,C:\Users\L-F6404-N10259\.objaverse\hf-objaverse-v1\glbs/000-060/ce105cabdcd54cc1826494ce2fb6514e.glb
11acceed0e2749519be43523880c7f67,C:\Users\L-F6404-N10259\.objaverse\hf-objaverse-v1\glbs/000-053/11acceed0e2749519be43523880c7f67.glb
5a55cb61df1f4a5da29a985b2dd96105,C:\Users\L-F6404-N10259\.objaverse\hf-objaverse-v1\glbs/000-063/5a55cb61df1f4a5da29a985b2dd96105.glb
f1bbc61a42b94ee9a2976ca744f8962e,C:\Users\L-F6404-N10259\.objaverse\hf-objaverse-v1\glbs/000-023/f1bbc61a42b94ee9a2976ca744f8962e.glb
38f2339bfc974f1e81fe7b1d2b96330a,C:\Users\L-F6404-N10259\.objaverse\hf-objaverse-v1\glbs/000-115/38f2339bfc974f1e81fe7b1d2b96330a.glb
67a5956349574fac8431b9b12aad8b81,C:\Users\L-F6404-N10259\.objaverse\hf-objaverse-v1\glbs/000-066/67a5956349574fac8431b9b12aad8b81.glb
7f6d50f56d1745929a09810adf9bed8b,C:\Users\L-F6404-N10259\.objaverse\hf-objaverse-v1\glbs/000-026/7f6d50f56d1745929a09810adf9bed8b.glb
94771b44cd644967ac04a79e5c898d3d,C:\Users\L-F6404-N10259\.objaverse\hf-objaverse-v1\glbs/000-001/94771b44cd644967ac04a79e5c898d3d.glb
2924224f899b43de93e9fd43c9a0a079,C:\Users\L-F6404-N10259\.objaverse\hf-objaverse-v1\glbs/000-098/2924224f899b43de93e9fd43c9a0a079.glb
42f7f3cd4f5f4cc586097539bb13ccfc,C:\Users\L-F6404-N10259\.objaverse\hf-objaverse-v1\glbs/000-141/42f7f3cd4f5f4cc586097539bb13ccfc.glb
4fb61998e44540158eace209f9fa9738,C:\Users\L-F6404-N10259\.objaverse\hf-objaverse-v1\glbs/000-073/4fb61998e44540158eace209f9fa9738.glb
f130817ddede45b5acd1d78f7af099d0,C:\Users\L-F6404-N10259\.objaverse\hf-objaverse-v1\glbs/000-120/f130817ddede45b5acd1d78f7af099d0.glb
bd51773c52e54812a88c38c14935ae98,C:\Users\L-F6404-N10259\.objaverse\hf-objaverse-v1\glbs/000-041/bd51773c52e54812a88c38c14935ae98.glb
424f51f77f7c4824a1453d1706f3f914,C:\Users\L-F6404-N10259\.objaverse\hf-objaverse-v1\glbs/000-125/424f51f77f7c4824a1453d1706f3f914.glb
34c44be877a8445587caff24fd3436bb,C:\Users\L-F6404-N10259\.objaverse\hf-objaverse-v1\glbs/000-047/34c44be877a8445587caff24fd3436bb.glb
cf2b3e74a7b547e2a75dba0187584190,C:\Users\L-F6404-N10259\.objaverse\hf-objaverse-v1\glbs/000-075/cf2b3e74a7b547e2a75dba0187584190.glb
d455044d1b554a7bbc9b5a5c9aaeb50a,C:\Users\L-F6404-N10259\.objaverse\hf-objaverse-v1\glbs/000-104/d455044d1b554a7bbc9b5a5c9aaeb50a.glb
08a82d744b39481dbb40289faea1ba8f,C:\Users\L-F6404-N10259\.objaverse\hf-objaverse-v1\glbs/000-031/08a82d744b39481dbb40289faea1ba8f.glb
7994d3067a554e4dab14e88af242f174,C:\Users\L-F6404-N10259\.objaverse\hf-objaverse-v1\glbs/000-085/7994d3067a554e4dab14e88af242f174.glb
d9d16e8f037749d5ae1af3e0b45bc6a8,C:\Users\L-F6404-N10259\.objaverse\hf-objaverse-v1\glbs/000-154/d9d16e8f037749d5ae1af3e0b45bc6a8.glb
c7ec86e7feb746489b30b4a01c2510af,C:\Users\L-F6404-N10259\.objaverse\hf-objaverse-v1\glbs/000-046/c7ec86e7feb746489b30b4a01c2510af.glb
2e6d6430686c4027ad4d86a8d711e3b1,C:\Users\L-F6404-N10259\.objaverse\hf-objaverse-v1\glbs/000-120/2e6d6430686c4027ad4d86a8d711e3b1.glb
e2434fd6e92c4796a8870b1896c2f930,C:\Users\L-F6404-N10259\.objaverse\hf-objaverse-v1\glbs/000-051/e2434fd6e92c4796a8870b1896c2f930.glb
d72eebbf82be48f0a53e7e8b712e6a66,C:\Users\L-F6404-N10259\.objaverse\hf-objaverse-v1\glbs/000-138/d72eebbf82be48f0a53e7e8b712e6a66.glb
a389d54baa124ea0b89788d0579ad485,C:\Users\L-F6404-N10259\.objaverse\hf-objaverse-v1\glbs/000-049/a389d54baa124ea0b89788d0579ad485.glb
5db7c77a0e46426f89251401815dbbbb,C:\Users\L-F6404-N10259\.objaverse\hf-objaverse-v1\glbs/000-149/5db7c77a0e46426f89251401815dbbbb.glb
2d777903a4ce45b387a4bfb314bfc8c3,C:\Users\L-F6404-N10259\.objaverse\hf-objaverse-v1\glbs/000-103/2d777903a4ce45b387a4bfb314bfc8c3.glb
35ac912c7dc14175ab8be82a2c5fe551,C:\Users\L-F6404-N10259\.objaverse\hf-objaverse-v1\glbs/000-090/35ac912c7dc14175ab8be82a2c5fe551.glb
8e6d44d4bef448158c62c129f76b5350,C:\Users\L-F6404-N10259\.objaverse\hf-objaverse-v1\glbs/000-143/8e6d44d4bef448158c62c129f76b5350.glb
24b0ef19fb344e8aa1cc4e79e5a81564,C:\Users\L-F6404-N10259\.objaverse\hf-objaverse-v1\glbs/000-138/24b0ef19fb344e8aa1cc4e79e5a81564.glb
1dc2c857f7614caeb6c2aa0559ccf973,C:\Users\L-F6404-N10259\.objaverse\hf-objaverse-v1\glbs/000-008/1dc2c857f7614caeb6c2aa0559ccf973.glb
89dcd45ac1f04680b76b709357a3dba3,C:\Users\L-F6404-N10259\.objaverse\hf-objaverse-v1\glbs/000-104/89dcd45ac1f04680b76b709357a3dba3.glb
60725d424ef6402e96891568126aab54,C:\Users\L-F6404-N10259\.objaverse\hf-objaverse-v1\glbs/000-155/60725d424ef6402e96891568126aab54.glb
9db5ed22c52547b89f8009327fbf0f1a,C:\Users\L-F6404-N10259\.objaverse\hf-objaverse-v1\glbs/000-067/9db5ed22c52547b89f8009327fbf0f1a.glb
7d31dde76e484a2b89a6f41927276e2a,C:\Users\L-F6404-N10259\.objaverse\hf-objaverse-v1\glbs/000-084/7d31dde76e484a2b89a6f41927276e2a.glb
9338612e9fb54a79a42f9561fc22b697,C:\Users\L-F6404-N10259\.objaverse\hf-objaverse-v1\glbs/000-148/9338612e9fb54a79a42f9561fc22b697.glb
5a9d0bb1f479498ba2565d3d4673c4c8,C:\Users\L-F6404-N10259\.objaverse\hf-objaverse-v1\glbs/000-105/5a9d0bb1f479498ba2565d3d4673c4c8.glb
ff4ce9d1854f40838745e0e25c24b946,C:\Users\L-F6404-N10259\.objaverse\hf-objaverse-v1\glbs/000-145/ff4ce9d1854f40838745e0e25c24b946.glb
212d33f6b5904bed965a87b018325b26,C:\Users\L-F6404-N10259\.objaverse\hf-objaverse-v1\glbs/000-064/212d33f6b5904bed965a87b018325b26.glb
c9ba4062c51b4aac929a9d0f3c2cb5f5,C:\Users\L-F6404-N10259\.objaverse\hf-objaverse-v1\glbs/000-010/c9ba4062c51b4aac929a9d0f3c2cb5f5.glb
777238e7561a4ac1b2d1ccefd1de5865,C:\Users\L-F6404-N10259\.objaverse\hf-objaverse-v1\glbs/000-090/777238e7561a4ac1b2d1ccefd1de5865.glb
01e5cf82289e43758867faf1f56e8162,C:\Users\L-F6404-N10259\.objaverse\hf-objaverse-v1\glbs/000-000/01e5cf82289e43758867faf1f56e8162.glb
52f142c052564d85b6ef21413af34e25,C:\Users\L-F6404-N10259\.objaverse\hf-objaverse-v1\glbs/000-052/52f142c052564d85b6ef21413af34e25.glb
2d62085f95e64665bf8eb1e623f1f0f3,C:\Users\L-F6404-N10259\.objaverse\hf-objaverse-v1\glbs/000-055/2d62085f95e64665bf8eb1e623f1f0f3.glb
37085e3a281c41b1acd355b5bd9fb59e,C:\Users\L-F6404-N10259\.objaverse\hf-objaverse-v1\glbs/000-117/37085e3a281c41b1acd355b5bd9fb59e.glb
95fe6a8daebb4ea5846ace8c0806d108,C:\Users\L-F6404-N10259\.objaverse\hf-objaverse-v1\glbs/000-058/95fe6a8daebb4ea5846ace8c0806d108.glb
a30aab65d235438bbfc6699faaea762d,C:\Users\L-F6404-N10259\.objaverse\hf-objaverse-v1\glbs/000-115/a30aab65d235438bbfc6699faaea762d.glb
1b36172e3e254b46a973f0132c4b2e08,C:\Users\L-F6404-N10259\.objaverse\hf-objaverse-v1\glbs/000-152/1b36172e3e254b46a973f0132c4b2e08.glb
55b689d55dbb45dc8e4a5d7d76e54daa,C:\Users\L-F6404-N10259\.objaverse\hf-objaverse-v1\glbs/000-051/55b689d55dbb45dc8e4a5d7d76e54daa.glb
0ccda97a90b14151ac2051373d8a0275,C:\Users\L-F6404-N10259\.objaverse\hf-objaverse-v1\glbs/000-067/0ccda97a90b14151ac2051373d8a0275.glb
6702d5d92c9c416eac5cc99ee383ff46,C:\Users\L-F6404-N10259\.objaverse\hf-objaverse-v1\glbs/000-151/6702d5d92c9c416eac5cc99ee383ff46.glb
1a9951a5da9d453db978eb01fe08e4ab,C:\Users\L-F6404-N10259\.objaverse\hf-objaverse-v1\glbs/000-112/1a9951a5da9d453db978eb01fe08e4ab.glb
1dd9b373e3084cc0914a580ce5728cf8,C:\Users\L-F6404-N10259\.objaverse\hf-objaverse-v1\glbs/000-157/1dd9b373e3084cc0914a580ce5728cf8.glb
d40aa57bd3134878b573ba48cfa37f2f,C:\Users\L-F6404-N10259\.objaverse\hf-objaverse-v1\glbs/000-096/d40aa57bd3134878b573ba48cfa37f2f.glb
3498937d1d2e483b90a5d306d20b631d,C:\Users\L-F6404-N10259\.objaverse\hf-objaverse-v1\glbs/000-120/3498937d1d2e483b90a5d306d20b631d.glb
3ea2fd4e065147048064f4c97a89fe6f,C:\Users\L-F6404-N10259\.objaverse\hf-objaverse-v1\glbs/000-016/3ea2fd4e065147048064f4c97a89fe6f.glb
783d2d80f163497aa02fda539e82755e,C:\Users\L-F6404-N10259\.objaverse\hf-objaverse-v1\glbs/000-124/783d2d80f163497aa02fda539e82755e.glb
3a87a55210db4fd9a27565671824f894,C:\Users\L-F6404-N10259\.objaverse\hf-objaverse-v1\glbs/000-094/3a87a55210db4fd9a27565671824f894.glb
145cb0b388384ff48845320486129a03,C:\Users\L-F6404-N10259\.objaverse\hf-objaverse-v1\glbs/000-006/145cb0b388384ff48845320486129a03.glb
14bbbafffa7f4e578dbbcba1941f7a62,C:\Users\L-F6404-N10259\.objaverse\hf-objaverse-v1\glbs/000-062/14bbbafffa7f4e578dbbcba1941f7a62.glb
a14b0fb5e6044c3d9143c9e764a916d7,C:\Users\L-F6404-N10259\.objaverse\hf-objaverse-v1\glbs/000-145/a14b0fb5e6044c3d9143c9e764a916d7.glb
057ed726c32c4e0d8912d04343e7bf5a,C:\Users\L-F6404-N10259\.objaverse\hf-objaverse-v1\glbs/000-000/057ed726c32c4e0d8912d04343e7bf5a.glb
3e5b44b8eac24e2dadcc158e7ae421b2,C:\Users\L-F6404-N10259\.objaverse\hf-objaverse-v1\glbs/000-142/3e5b44b8eac24e2dadcc158e7ae421b2.glb
ad2546804e8845b09e5db7c6db16b704,C:\Users\L-F6404-N10259\.objaverse\hf-objaverse-v1\glbs/000-024/ad2546804e8845b09e5db7c6db16b704.glb
07aa5f57ff324d4e8785ded90d2e5c52,C:\Users\L-F6404-N10259\.objaverse\hf-objaverse-v1\glbs/000-007/07aa5f57ff324d4e8785ded90d2e5c52.glb
97ddd7db0b5b471983db0d6526991dc1,C:\Users\L-F6404-N10259\.objaverse\hf-objaverse-v1\glbs/000-122/97ddd7db0b5b471983db0d6526991dc1.glb
e4f1ec2b8ad2492b837ddaf4c5b17342,C:\Users\L-F6404-N10259\.objaverse\hf-objaverse-v1\glbs/000-061/e4f1ec2b8ad2492b837ddaf4c5b17342.glb
1f9eb125fafd48a98635b12454466880,C:\Users\L-F6404-N10259\.objaverse\hf-objaverse-v1\glbs/000-064/1f9eb125fafd48a98635b12454466880.glb
82e943e3cfac4da5a20d189ddbd6abdf,C:\Users\L-F6404-N10259\.objaverse\hf-objaverse-v1\glbs/000-062/82e943e3cfac4da5a20d189ddbd6abdf.glb
1f6a331e21db4f919f6e448bfde3a090,C:\Users\L-F6404-N10259\.objaverse\hf-objaverse-v1\glbs/000-019/1f6a331e21db4f919f6e448bfde3a090.glb
8dec3aa6447243b1b449cb6953a66b95,C:\Users\L-F6404-N10259\.objaverse\hf-objaverse-v1\glbs/000-095/8dec3aa6447243b1b449cb6953a66b95.glb
2ce176f569cf41709629e713ece8d1bb,C:\Users\L-F6404-N10259\.objaverse\hf-objaverse-v1\glbs/000-112/2ce176f569cf41709629e713ece8d1bb.glb
b2d48d706ad84747899134684f66bf06,C:\Users\L-F6404-N10259\.objaverse\hf-objaverse-v1\glbs/000-019/b2d48d706ad84747899134684f66bf06.glb
f54383fd0700414589b0ad689fa65254,C:\Users\L-F6404-N10259\.objaverse\hf-objaverse-v1\glbs/000-026/f54383fd0700414589b0ad689fa65254.glb
2e6d9e77be114535b01d7ef028c2f49c,C:\Users\L-F6404-N10259\.objaverse\hf-objaverse-v1\glbs/000-021/2e6d9e77be114535b01d7ef028c2f49c.glb
435077bef9dd48d6a5cee72dd1f4a4ef,C:\Users\L-F6404-N10259\.objaverse\hf-objaverse-v1\glbs/000-014/435077bef9dd48d6a5cee72dd1f4a4ef.glb
86a4e42f3f0e4847b58413ab69f0c789,C:\Users\L-F6404-N10259\.objaverse\hf-objaverse-v1\glbs/000-089/86a4e42f3f0e4847b58413ab69f0c789.glb
346c33840e27461f869b1f4443b45926,C:\Users\L-F6404-N10259\.objaverse\hf-objaverse-v1\glbs/000-136/346c33840e27461f869b1f4443b45926.glb
c645474193ba436fba3154521629692d,C:\Users\L-F6404-N10259\.objaverse\hf-objaverse-v1\glbs/000-029/c645474193ba436fba3154521629692d.glb
7ddaf846feaf4646a964b6566113fa42,C:\Users\L-F6404-N10259\.objaverse\hf-objaverse-v1\glbs/000-075/7ddaf846feaf4646a964b6566113fa42.glb
fa7abc1ab50c484db3323ccbf7f8514b,C:\Users\L-F6404-N10259\.objaverse\hf-objaverse-v1\glbs/000-066/fa7abc1ab50c484db3323ccbf7f8514b.glb
49a6fe4995224d4e8e5ee1e23727e51d,C:\Users\L-F6404-N10259\.objaverse\hf-objaverse-v1\glbs/000-014/49a6fe4995224d4e8e5ee1e23727e51d.glb
ccfeafeefd964d83a54fa16427fdc0f9,C:\Users\L-F6404-N10259\.objaverse\hf-objaverse-v1\glbs/000-133/ccfeafeefd964d83a54fa16427fdc0f9.glb
19df061c4b2042c6959bc411a3ca100d,C:\Users\L-F6404-N10259\.objaverse\hf-objaverse-v1\glbs/000-153/19df061c4b2042c6959bc411a3ca100d.glb
f89ef1454832489290156a8bd8ffcbc0,C:\Users\L-F6404-N10259\.objaverse\hf-objaverse-v1\glbs/000-008/f89ef1454832489290156a8bd8ffcbc0.glb
9321c45cb9cf459f9f803507d3a11fb3,C:\Users\L-F6404-N10259\.objaverse\hf-objaverse-v1\glbs/000-145/9321c45cb9cf459f9f803507d3a11fb3.glb
4d8c7b73dac44c51bd5421282d3b5860,C:\Users\L-F6404-N10259\.objaverse\hf-objaverse-v1\glbs/000-094/4d8c7b73dac44c51bd5421282d3b5860.glb
d240a7bf160e48418c2f16e91cd62987,C:\Users\L-F6404-N10259\.objaverse\hf-objaverse-v1\glbs/000-014/d240a7bf160e48418c2f16e91cd62987.glb
93ad19db34bc49a0b7acc24e7a5a22fd,C:\Users\L-F6404-N10259\.objaverse\hf-objaverse-v1\glbs/000-073/93ad19db34bc49a0b7acc24e7a5a22fd.glb
77f00280d56b468381d75bf9392496be,C:\Users\L-F6404-N10259\.objaverse\hf-objaverse-v1\glbs/000-020/77f00280d56b468381d75bf9392496be.glb
7ad83b29ff75452f99415fee5b99d993,C:\Users\L-F6404-N10259\.objaverse\hf-objaverse-v1\glbs/000-023/7ad83b29ff75452f99415fee5b99d993.glb
ef7eb9989b124364ab06c390e9948421,C:\Users\L-F6404-N10259\.objaverse\hf-objaverse-v1\glbs/000-023/ef7eb9989b124364ab06c390e9948421.glb
4fbb57124fec47d8b216101e19f5d385,C:\Users\L-F6404-N10259\.objaverse\hf-objaverse-v1\glbs/000-012/4fbb57124fec47d8b216101e19f5d385.glb
8f67849acb6444978de8cfe9d6d2f761,C:\Users\L-F6404-N10259\.objaverse\hf-objaverse-v1\glbs/000-152/8f67849acb6444978de8cfe9d6d2f761.glb
f3de0a851ed845de8ec338647372d015,C:\Users\L-F6404-N10259\.objaverse\hf-objaverse-v1\glbs/000-100/f3de0a851ed845de8ec338647372d015.glb
b8a7cc0278304cf0882ddf25040af3d9,C:\Users\L-F6404-N10259\.objaverse\hf-objaverse-v1\glbs/000-011/b8a7cc0278304cf0882ddf25040af3d9.glb
b1227d257aef4baf9be6ca72754ab32c,C:\Users\L-F6404-N10259\.objaverse\hf-objaverse-v1\glbs/000-027/b1227d257aef4baf9be6ca72754ab32c.glb
9337ea6cf4e942359f290c69c77e132d,C:\Users\L-F6404-N10259\.objaverse\hf-objaverse-v1\glbs/000-035/9337ea6cf4e942359f290c69c77e132d.glb
1450ccf286f64ca4882422d0751334ae,C:\Users\L-F6404-N10259\.objaverse\hf-objaverse-v1\glbs/000-131/1450ccf286f64ca4882422d0751334ae.glb
64ef2a52613041bfa7b34f27a2dcf377,C:\Users\L-F6404-N10259\.objaverse\hf-objaverse-v1\glbs/000-020/64ef2a52613041bfa7b34f27a2dcf377.glb
3426bc4b8e8249b087a534844ef93001,C:\Users\L-F6404-N10259\.objaverse\hf-objaverse-v1\glbs/000-052/3426bc4b8e8249b087a534844ef93001.glb
ef4d26f737fd4ce88e39387e419de1b3,C:\Users\L-F6404-N10259\.objaverse\hf-objaverse-v1\glbs/000-063/ef4d26f737fd4ce88e39387e419de1b3.glb
dc6dfe9c5a644082aa6673fde4916da3,C:\Users\L-F6404-N10259\.objaverse\hf-objaverse-v1\glbs/000-029/dc6dfe9c5a644082aa6673fde4916da3.glb
0e8acc8ad98f4d1794985e4579ce18eb,C:\Users\L-F6404-N10259\.objaverse\hf-objaverse-v1\glbs/000-145/0e8acc8ad98f4d1794985e4579ce18eb.glb
af82f700434644dfb6e63c6117695527,C:\Users\L-F6404-N10259\.objaverse\hf-objaverse-v1\glbs/000-111/af82f700434644dfb6e63c6117695527.glb
6eef299b1aac4ff29f238abca0f7cff3,C:\Users\L-F6404-N10259\.objaverse\hf-objaverse-v1\glbs/000-119/6eef299b1aac4ff29f238abca0f7cff3.glb
682695ed62224411a58cd4ce76025a89,C:\Users\L-F6404-N10259\.objaverse\hf-objaverse-v1\glbs/000-150/682695ed62224411a58cd4ce76025a89.glb
2f6f4c5799c84ce1b05f6de2e04d5a21,C:\Users\L-F6404-N10259\.objaverse\hf-objaverse-v1\glbs/000-081/2f6f4c5799c84ce1b05f6de2e04d5a21.glb
97802a0adf12404b8370a3b75c5b9237,C:\Users\L-F6404-N10259\.objaverse\hf-objaverse-v1\glbs/000-080/97802a0adf12404b8370a3b75c5b9237.glb
ef94916c83e441d483e6e3b9647d274b,C:\Users\L-F6404-N10259\.objaverse\hf-objaverse-v1\glbs/000-028/ef94916c83e441d483e6e3b9647d274b.glb
7ab4aef02e08490ea413d57763175224,C:\Users\L-F6404-N10259\.objaverse\hf-objaverse-v1\glbs/000-014/7ab4aef02e08490ea413d57763175224.glb
b06753cff10241b4b6a130aaa8159818,C:\Users\L-F6404-N10259\.objaverse\hf-objaverse-v1\glbs/000-140/b06753cff10241b4b6a130aaa8159818.glb
1bc2987dfc054796b5ab09f1bff1e569,C:\Users\L-F6404-N10259\.objaverse\hf-objaverse-v1\glbs/000-087/1bc2987dfc054796b5ab09f1bff1e569.glb
7674012736d94c84891ebd0407fb4b11,C:\Users\L-F6404-N10259\.objaverse\hf-objaverse-v1\glbs/000-098/7674012736d94c84891ebd0407fb4b11.glb
c1b28950a23846aeb02a3e2cfbf590eb,C:\Users\L-F6404-N10259\.objaverse\hf-objaverse-v1\glbs/000-142/c1b28950a23846aeb02a3e2cfbf590eb.glb
4d3ed5de8ca74b4c81ccaa409a681eae,C:\Users\L-F6404-N10259\.objaverse\hf-objaverse-v1\glbs/000-048/4d3ed5de8ca74b4c81ccaa409a681eae.glb
39b092718d1b4068abba42ea00cee691,C:\Users\L-F6404-N10259\.objaverse\hf-objaverse-v1\glbs/000-003/39b092718d1b4068abba42ea00cee691.glb
b314794073c44ede838cf61627b5a3b7,C:\Users\L-F6404-N10259\.objaverse\hf-objaverse-v1\glbs/000-046/b314794073c44ede838cf61627b5a3b7.glb
c5cc01a4d8f64817ad5f558ac3cd7636,C:\Users\L-F6404-N10259\.objaverse\hf-objaverse-v1\glbs/000-043/c5cc01a4d8f64817ad5f558ac3cd7636.glb
4f458eea419347639f3e210201cd3a5f,C:\Users\L-F6404-N10259\.objaverse\hf-objaverse-v1\glbs/000-052/4f458eea419347639f3e210201cd3a5f.glb
d4adfab902254c62b7b7d164151d0870,C:\Users\L-F6404-N10259\.objaverse\hf-objaverse-v1\glbs/000-007/d4adfab902254c62b7b7d164151d0870.glb
dfda6e71d079425ea07a55ea47b94da2,C:\Users\L-F6404-N10259\.objaverse\hf-objaverse-v1\glbs/000-097/dfda6e71d079425ea07a55ea47b94da2.glb
8eb56daa051f4a42a74900932180199c,C:\Users\L-F6404-N10259\.objaverse\hf-objaverse-v1\glbs/000-113/8eb56daa051f4a42a74900932180199c.glb
cb7021f1ca3d4316b3714ca3262e6830,C:\Users\L-F6404-N10259\.objaverse\hf-objaverse-v1\glbs/000-049/cb7021f1ca3d4316b3714ca3262e6830.glb
40f7bac9be754b928f24c52d9f6b340e,C:\Users\L-F6404-N10259\.objaverse\hf-objaverse-v1\glbs/000-071/40f7bac9be754b928f24c52d9f6b340e.glb
e1e3a74aaa4c4dacb3ffdac4dd119830,C:\Users\L-F6404-N10259\.objaverse\hf-objaverse-v1\glbs/000-035/e1e3a74aaa4c4dacb3ffdac4dd119830.glb
1c2a9a7e360b4d2892654f3f8998ef85,C:\Users\L-F6404-N10259\.objaverse\hf-objaverse-v1\glbs/000-096/1c2a9a7e360b4d2892654f3f8998ef85.glb
edb077bdea8446b89b9af51cbae345e0,C:\Users\L-F6404-N10259\.objaverse\hf-objaverse-v1\glbs/000-094/edb077bdea8446b89b9af51cbae345e0.glb
fb4202d9afc847eba660d1607a57f64b,C:\Users\L-F6404-N10259\.objaverse\hf-objaverse-v1\glbs/000-151/fb4202d9afc847eba660d1607a57f64b.glb
1018cd118d4f476bb8051a121485d27b,C:\Users\L-F6404-N10259\.objaverse\hf-objaverse-v1\glbs/000-048/1018cd118d4f476bb8051a121485d27b.glb
13ef8c3671204fd3924b0db9a05b21aa,C:\Users\L-F6404-N10259\.objaverse\hf-objaverse-v1\glbs/000-148/13ef8c3671204fd3924b0db9a05b21aa.glb
0db165441e2f4994aebb90ceb4fbfab9,C:\Users\L-F6404-N10259\.objaverse\hf-objaverse-v1\glbs/000-145/0db165441e2f4994aebb90ceb4fbfab9.glb
9bdbb414efb94a1e9eefcd07d4b0fea1,C:\Users\L-F6404-N10259\.objaverse\hf-objaverse-v1\glbs/000-060/9bdbb414efb94a1e9eefcd07d4b0fea1.glb
e203bfdeb69d48c98b89ff75256da460,C:\Users\L-F6404-N10259\.objaverse\hf-objaverse-v1\glbs/000-001/e203bfdeb69d48c98b89ff75256da460.glb
0cf6eefe0ae346a5aafd0633d96ad549,C:\Users\L-F6404-N10259\.objaverse\hf-objaverse-v1\glbs/000-004/0cf6eefe0ae346a5aafd0633d96ad549.glb
8a3a89158bff4d65813d5fe5607c5d14,C:\Users\L-F6404-N10259\.objaverse\hf-objaverse-v1\glbs/000-158/8a3a89158bff4d65813d5fe5607c5d14.glb
ece4453042144b4a82fb86a4eab1ba7f,C:\Users\L-F6404-N10259\.objaverse\hf-objaverse-v1\glbs/000-077/ece4453042144b4a82fb86a4eab1ba7f.glb
aa08a4d6aaf041a79721cc50c4fde9f3,C:\Users\L-F6404-N10259\.objaverse\hf-objaverse-v1\glbs/000-103/aa08a4d6aaf041a79721cc50c4fde9f3.glb
bbb6de7d1a15492f870b605f2e13c4d3,C:\Users\L-F6404-N10259\.objaverse\hf-objaverse-v1\glbs/000-023/bbb6de7d1a15492f870b605f2e13c4d3.glb
3ea8da453ce143d7a1099245fc68c64d,C:\Users\L-F6404-N10259\.objaverse\hf-objaverse-v1\glbs/000-099/3ea8da453ce143d7a1099245fc68c64d.glb
9b797f1173f54ab88a890582e9e22f14,C:\Users\L-F6404-N10259\.objaverse\hf-objaverse-v1\glbs/000-098/9b797f1173f54ab88a890582e9e22f14.glb
1ed333dc22e74cf6b4aeb2c9dabd469c,C:\Users\L-F6404-N10259\.objaverse\hf-objaverse-v1\glbs/000-029/1ed333dc22e74cf6b4aeb2c9dabd469c.glb
f8b06a00be894bee9706c720e8a0bca6,C:\Users\L-F6404-N10259\.objaverse\hf-objaverse-v1\glbs/000-076/f8b06a00be894bee9706c720e8a0bca6.glb
7a43abb372334f64849736b0daaf4a6c,C:\Users\L-F6404-N10259\.objaverse\hf-objaverse-v1\glbs/000-028/7a43abb372334f64849736b0daaf4a6c.glb
35f350a762c144f5a6c472fa68ab11f2,C:\Users\L-F6404-N10259\.objaverse\hf-objaverse-v1\glbs/000-131/35f350a762c144f5a6c472fa68ab11f2.glb
480b81bd14f143aa83c54aeb5ae91112,C:\Users\L-F6404-N10259\.objaverse\hf-objaverse-v1\glbs/000-062/480b81bd14f143aa83c54aeb5ae91112.glb
bc6c5204b9374c17abd5e2ae97fe8744,C:\Users\L-F6404-N10259\.objaverse\hf-objaverse-v1\glbs/000-119/bc6c5204b9374c17abd5e2ae97fe8744.glb
b601649de568470db6e9d8d5c9c76b73,C:\Users\L-F6404-N10259\.objaverse\hf-objaverse-v1\glbs/000-047/b601649de568470db6e9d8d5c9c76b73.glb
61a607fa847e45b8bfea58546c52971f,C:\Users\L-F6404-N10259\.objaverse\hf-objaverse-v1\glbs/000-132/61a607fa847e45b8bfea58546c52971f.glb
efa2f1f33966447e8d21d605fecf5231,C:\Users\L-F6404-N10259\.objaverse\hf-objaverse-v1\glbs/000-047/efa2f1f33966447e8d21d605fecf5231.glb
f83cf557ae874a33a2a3ae2cb1da5f35,C:\Users\L-F6404-N10259\.objaverse\hf-objaverse-v1\glbs/000-087/f83cf557ae874a33a2a3ae2cb1da5f35.glb
3b12b5a5f067430b9c7a2d4b7d1dc467,C:\Users\L-F6404-N10259\.objaverse\hf-objaverse-v1\glbs/000-037/3b12b5a5f067430b9c7a2d4b7d1dc467.glb
96063f5197ce4a30adffbb5bc052c809,C:\Users\L-F6404-N10259\.objaverse\hf-objaverse-v1\glbs/000-133/96063f5197ce4a30adffbb5bc052c809.glb
bb1e2c79c4244b538dd2c4127ef95f1d,C:\Users\L-F6404-N10259\.objaverse\hf-objaverse-v1\glbs/000-076/bb1e2c79c4244b538dd2c4127ef95f1d.glb
0f1cc8c210bd44048b06d50c45f7a52f,C:\Users\L-F6404-N10259\.objaverse\hf-objaverse-v1\glbs/000-009/0f1cc8c210bd44048b06d50c45f7a52f.glb
f96dc8d2cd3d45e0a4d8e2c3767abed1,C:\Users\L-F6404-N10259\.objaverse\hf-objaverse-v1\glbs/000-047/f96dc8d2cd3d45e0a4d8e2c3767abed1.glb
fb186cae385c431a937a34df49106564,C:\Users\L-F6404-N10259\.objaverse\hf-objaverse-v1\glbs/000-066/fb186cae385c431a937a34df49106564.glb
84eb32f27b4c48c9a854de8f9693c463,C:\Users\L-F6404-N10259\.objaverse\hf-objaverse-v1\glbs/000-102/84eb32f27b4c48c9a854de8f9693c463.glb
3a9859ba9f89411b99cbcb5352ef8573,C:\Users\L-F6404-N10259\.objaverse\hf-objaverse-v1\glbs/000-061/3a9859ba9f89411b99cbcb5352ef8573.glb
853c9b14acea46c8ab83cfc5358284ff,C:\Users\L-F6404-N10259\.objaverse\hf-objaverse-v1\glbs/000-058/853c9b14acea46c8ab83cfc5358284ff.glb
629ca5007f584d2f822411668ed63806,C:\Users\L-F6404-N10259\.objaverse\hf-objaverse-v1\glbs/000-076/629ca5007f584d2f822411668ed63806.glb
984e0d2c5ce147ffbd9df92b543b00d5,C:\Users\L-F6404-N10259\.objaverse\hf-objaverse-v1\glbs/000-092/984e0d2c5ce147ffbd9df92b543b00d5.glb
9fa225175a80485f9cef7b8b85d3a961,C:\Users\L-F6404-N10259\.objaverse\hf-objaverse-v1\glbs/000-062/9fa225175a80485f9cef7b8b85d3a961.glb
941f63bfc76c4560af34c4914443f5ab,C:\Users\L-F6404-N10259\.objaverse\hf-objaverse-v1\glbs/000-072/941f63bfc76c4560af34c4914443f5ab.glb
2ddb6a3739454d6698cb55c466622bc4,C:\Users\L-F6404-N10259\.objaverse\hf-objaverse-v1\glbs/000-056/2ddb6a3739454d6698cb55c466622bc4.glb
b2c04e1980b74abbbf69cc9e002b3728,C:\Users\L-F6404-N10259\.objaverse\hf-objaverse-v1\glbs/000-084/b2c04e1980b74abbbf69cc9e002b3728.glb
ae0e8d6823ed421ea263938e32d62617,C:\Users\L-F6404-N10259\.objaverse\hf-objaverse-v1\glbs/000-050/ae0e8d6823ed421ea263938e32d62617.glb
6fb75f8fa91a43e1a98df7f44035e5f0,C:\Users\L-F6404-N10259\.objaverse\hf-objaverse-v1\glbs/000-079/6fb75f8fa91a43e1a98df7f44035e5f0.glb
0a61021cae7e44208585d4c738904aca,C:\Users\L-F6404-N10259\.objaverse\hf-objaverse-v1\glbs/000-112/0a61021cae7e44208585d4c738904aca.glb
65e43a34c69941acb3ad18297346f3d5,C:\Users\L-F6404-N10259\.objaverse\hf-objaverse-v1\glbs/000-136/65e43a34c69941acb3ad18297346f3d5.glb
8713fae23b20464d821af051d856756a,C:\Users\L-F6404-N10259\.objaverse\hf-objaverse-v1\glbs/000-058/8713fae23b20464d821af051d856756a.glb
d796cf8784fc46169e3ac70375e0e8a8,C:\Users\L-F6404-N10259\.objaverse\hf-objaverse-v1\glbs/000-026/d796cf8784fc46169e3ac70375e0e8a8.glb
bfce6e6485744250b75615b3d97c88dc,C:\Users\L-F6404-N10259\.objaverse\hf-objaverse-v1\glbs/000-114/bfce6e6485744250b75615b3d97c88dc.glb
0b3322f349274bffb294e2004ded6ff9,C:\Users\L-F6404-N10259\.objaverse\hf-objaverse-v1\glbs/000-143/0b3322f349274bffb294e2004ded6ff9.glb
69121ede52d94dec9c3a755cf8939339,C:\Users\L-F6404-N10259\.objaverse\hf-objaverse-v1\glbs/000-043/69121ede52d94dec9c3a755cf8939339.glb
398bd68323674532a8dc963bda9584be,C:\Users\L-F6404-N10259\.objaverse\hf-objaverse-v1\glbs/000-021/398bd68323674532a8dc963bda9584be.glb
22b822c6520d4d49a50ecc1271233039,C:\Users\L-F6404-N10259\.objaverse\hf-objaverse-v1\glbs/000-134/22b822c6520d4d49a50ecc1271233039.glb
4622e88fd9264b37997671efeb73af85,C:\Users\L-F6404-N10259\.objaverse\hf-objaverse-v1\glbs/000-089/4622e88fd9264b37997671efeb73af85.glb
42cd12a7c1a24f639679fa5cd5491f76,C:\Users\L-F6404-N10259\.objaverse\hf-objaverse-v1\glbs/000-110/42cd12a7c1a24f639679fa5cd5491f76.glb
d5880c5272294a908cd65431840b69d5,C:\Users\L-F6404-N10259\.objaverse\hf-objaverse-v1\glbs/000-089/d5880c5272294a908cd65431840b69d5.glb
b538af1a479242b69b76aa5e288b3bb4,C:\Users\L-F6404-N10259\.objaverse\hf-objaverse-v1\glbs/000-041/b538af1a479242b69b76aa5e288b3bb4.glb
ed07d2fdbc58437f844bb096170799d1,C:\Users\L-F6404-N10259\.objaverse\hf-objaverse-v1\glbs/000-156/ed07d2fdbc58437f844bb096170799d1.glb
52b7d1e80fa94a14af45cfc3b811714f,C:\Users\L-F6404-N10259\.objaverse\hf-objaverse-v1\glbs/000-056/52b7d1e80fa94a14af45cfc3b811714f.glb
d5d43ebf8f944b2ca0d6534714e2bc0c,C:\Users\L-F6404-N10259\.objaverse\hf-objaverse-v1\glbs/000-151/d5d43ebf8f944b2ca0d6534714e2bc0c.glb
3daeaf6bf7a2454faaf1f97131bdb664,C:\Users\L-F6404-N10259\.objaverse\hf-objaverse-v1\glbs/000-132/3daeaf6bf7a2454faaf1f97131bdb664.glb
88e52866006342818700cb658e00ffc7,C:\Users\L-F6404-N10259\.objaverse\hf-objaverse-v1\glbs/000-141/88e52866006342818700cb658e00ffc7.glb
1b1b5f7840074383bef7c7cfbbff9e2a,C:\Users\L-F6404-N10259\.objaverse\hf-objaverse-v1\glbs/000-084/1b1b5f7840074383bef7c7cfbbff9e2a.glb
21cf6af4cb5a419ca00728253d290b3a,C:\Users\L-F6404-N10259\.objaverse\hf-objaverse-v1\glbs/000-008/21cf6af4cb5a419ca00728253d290b3a.glb
cdc80b4a96a04cad9c94827ab84575cf,C:\Users\L-F6404-N10259\.objaverse\hf-objaverse-v1\glbs/000-022/cdc80b4a96a04cad9c94827ab84575cf.glb
01a9b9241681422c9c21ef6d02c3bee1,C:\Users\L-F6404-N10259\.objaverse\hf-objaverse-v1\glbs/000-000/01a9b9241681422c9c21ef6d02c3bee1.glb
7ef9d0673cc6423a9542470d435f09e3,C:\Users\L-F6404-N10259\.objaverse\hf-objaverse-v1\glbs/000-060/7ef9d0673cc6423a9542470d435f09e3.glb
259e5c2c3ff14da186a84d386a00edb6,C:\Users\L-F6404-N10259\.objaverse\hf-objaverse-v1\glbs/000-029/259e5c2c3ff14da186a84d386a00edb6.glb
e45403cce7dd4b0e81eaeb840bdc24b2,C:\Users\L-F6404-N10259\.objaverse\hf-objaverse-v1\glbs/000-109/e45403cce7dd4b0e81eaeb840bdc24b2.glb
1bcef93a72c74e9683720788716ed9a6,C:\Users\L-F6404-N10259\.objaverse\hf-objaverse-v1\glbs/000-153/1bcef93a72c74e9683720788716ed9a6.glb
5f28dc88604940abbd40ad593151b577,C:\Users\L-F6404-N10259\.objaverse\hf-objaverse-v1\glbs/000-128/5f28dc88604940abbd40ad593151b577.glb
c9bfaedb7cd74bba8c47dba1e11fa299,C:\Users\L-F6404-N10259\.objaverse\hf-objaverse-v1\glbs/000-113/c9bfaedb7cd74bba8c47dba1e11fa299.glb
5e74285b36884c839e78019ca804ebc4,C:\Users\L-F6404-N10259\.objaverse\hf-objaverse-v1\glbs/000-030/5e74285b36884c839e78019ca804ebc4.glb
37abbe8868e44a3c895bc79791425817,C:\Users\L-F6404-N10259\.objaverse\hf-objaverse-v1\glbs/000-088/37abbe8868e44a3c895bc79791425817.glb
09203263a3154b4283e1158a7abd63d5,C:\Users\L-F6404-N10259\.objaverse\hf-objaverse-v1\glbs/000-122/09203263a3154b4283e1158a7abd63d5.glb
74d467eb13b44d3890862046c3539992,C:\Users\L-F6404-N10259\.objaverse\hf-objaverse-v1\glbs/000-113/74d467eb13b44d3890862046c3539992.glb
0db2ccefe9914b39a9db4a89b4012c8a,C:\Users\L-F6404-N10259\.objaverse\hf-objaverse-v1\glbs/000-080/0db2ccefe9914b39a9db4a89b4012c8a.glb
9b4f2da8f6c14ce7b8cd323e21df1d66,C:\Users\L-F6404-N10259\.objaverse\hf-objaverse-v1\glbs/000-054/9b4f2da8f6c14ce7b8cd323e21df1d66.glb
b17f1179fa6a4934bc03a796cdc4c8f8,C:\Users\L-F6404-N10259\.objaverse\hf-objaverse-v1\glbs/000-031/b17f1179fa6a4934bc03a796cdc4c8f8.glb
78b49c06cbaa4ba19365b9864bbc8845,C:\Users\L-F6404-N10259\.objaverse\hf-objaverse-v1\glbs/000-151/78b49c06cbaa4ba19365b9864bbc8845.glb
a6c0f1a26f70409c861a1f6d0121cf2e,C:\Users\L-F6404-N10259\.objaverse\hf-objaverse-v1\glbs/000-014/a6c0f1a26f70409c861a1f6d0121cf2e.glb
e6ebb3b9af6b4668a739b3622dd4dd35,C:\Users\L-F6404-N10259\.objaverse\hf-objaverse-v1\glbs/000-128/e6ebb3b9af6b4668a739b3622dd4dd35.glb
6359e3b9c5ec4c19be6640a8ac4d3530,C:\Users\L-F6404-N10259\.objaverse\hf-objaverse-v1\glbs/000-029/6359e3b9c5ec4c19be6640a8ac4d3530.glb
87d8dfe0014f4eb08a478118153257a7,C:\Users\L-F6404-N10259\.objaverse\hf-objaverse-v1\glbs/000-072/87d8dfe0014f4eb08a478118153257a7.glb
8c5581a8e6b94a7f8133d9eed2d8df5c,C:\Users\L-F6404-N10259\.objaverse\hf-objaverse-v1\glbs/000-076/8c5581a8e6b94a7f8133d9eed2d8df5c.glb
b0f3e65d0c3c4a53893b6b2d650f4e95,C:\Users\L-F6404-N10259\.objaverse\hf-objaverse-v1\glbs/000-083/b0f3e65d0c3c4a53893b6b2d650f4e95.glb
e7af861512bb42d189bd38952651b538,C:\Users\L-F6404-N10259\.objaverse\hf-objaverse-v1\glbs/000-016/e7af861512bb42d189bd38952651b538.glb
49c0eb22f12c42fa9dafb404ce223591,C:\Users\L-F6404-N10259\.objaverse\hf-objaverse-v1\glbs/000-131/49c0eb22f12c42fa9dafb404ce223591.glb
1139b853280b4dc1b3691396c7b9ad3c,C:\Users\L-F6404-N10259\.objaverse\hf-objaverse-v1\glbs/000-109/1139b853280b4dc1b3691396c7b9ad3c.glb
58b83bbd84e14b6aaba941a00ac76413,C:\Users\L-F6404-N10259\.objaverse\hf-objaverse-v1\glbs/000-096/58b83bbd84e14b6aaba941a00ac76413.glb
c85175a3b66940069939cc35828b04ca,C:\Users\L-F6404-N10259\.objaverse\hf-objaverse-v1\glbs/000-156/c85175a3b66940069939cc35828b04ca.glb
d25c31c0d4654606bbba59bf142f7417,C:\Users\L-F6404-N10259\.objaverse\hf-objaverse-v1\glbs/000-136/d25c31c0d4654606bbba59bf142f7417.glb
f9b76fa52a82427ea97a51b0775be4d5,C:\Users\L-F6404-N10259\.objaverse\hf-objaverse-v1\glbs/000-024/f9b76fa52a82427ea97a51b0775be4d5.glb
a3e9ab84264d4e368e6635dc7f6e5312,C:\Users\L-F6404-N10259\.objaverse\hf-objaverse-v1\glbs/000-004/a3e9ab84264d4e368e6635dc7f6e5312.glb
5f7ee0b43aaa4e36bfaa7e25f5609f96,C:\Users\L-F6404-N10259\.objaverse\hf-objaverse-v1\glbs/000-148/5f7ee0b43aaa4e36bfaa7e25f5609f96.glb
a625eb853fd74f0aafb353f46b68a3a4,C:\Users\L-F6404-N10259\.objaverse\hf-objaverse-v1\glbs/000-073/a625eb853fd74f0aafb353f46b68a3a4.glb
ddf090fe8ce242b498d4ed73cae4d0c0,C:\Users\L-F6404-N10259\.objaverse\hf-objaverse-v1\glbs/000-046/ddf090fe8ce242b498d4ed73cae4d0c0.glb
d419b5cc08ac4b1ea3304153944de78e,C:\Users\L-F6404-N10259\.objaverse\hf-objaverse-v1\glbs/000-068/d419b5cc08ac4b1ea3304153944de78e.glb
ed56f46d99b64d29ad7078196726625b,C:\Users\L-F6404-N10259\.objaverse\hf-objaverse-v1\glbs/000-122/ed56f46d99b64d29ad7078196726625b.glb
285134ab18bf49d58a16f193b5403da9,C:\Users\L-F6404-N10259\.objaverse\hf-objaverse-v1\glbs/000-005/285134ab18bf49d58a16f193b5403da9.glb
55bffef8dc834b98b40296b935e903d5,C:\Users\L-F6404-N10259\.objaverse\hf-objaverse-v1\glbs/000-060/55bffef8dc834b98b40296b935e903d5.glb
50727db65087429dbe853c30650f1bfe,C:\Users\L-F6404-N10259\.objaverse\hf-objaverse-v1\glbs/000-112/50727db65087429dbe853c30650f1bfe.glb
5957b94cfae743919311ffd6981174ce,C:\Users\L-F6404-N10259\.objaverse\hf-objaverse-v1\glbs/000-090/5957b94cfae743919311ffd6981174ce.glb
01a25ec4b5e343cba858a53cb8511058,C:\Users\L-F6404-N10259\.objaverse\hf-objaverse-v1\glbs/000-000/01a25ec4b5e343cba858a53cb8511058.glb
15d00d76890d458ea454d34ce08cbda5,C:\Users\L-F6404-N10259\.objaverse\hf-objaverse-v1\glbs/000-072/15d00d76890d458ea454d34ce08cbda5.glb
9d02c1277e7542efb46409d02cffedf0,C:\Users\L-F6404-N10259\.objaverse\hf-objaverse-v1\glbs/000-152/9d02c1277e7542efb46409d02cffedf0.glb
f43199f19c3142c68cc672db55d9a40d,C:\Users\L-F6404-N10259\.objaverse\hf-objaverse-v1\glbs/000-106/f43199f19c3142c68cc672db55d9a40d.glb
308934a5d45345168ecefbb1d2783815,C:\Users\L-F6404-N10259\.objaverse\hf-objaverse-v1\glbs/000-012/308934a5d45345168ecefbb1d2783815.glb
1bc786bf78a34e7cad0b559fb7391a47,C:\Users\L-F6404-N10259\.objaverse\hf-objaverse-v1\glbs/000-011/1bc786bf78a34e7cad0b559fb7391a47.glb
8673cf294717420b929d72a488c8923a,C:\Users\L-F6404-N10259\.objaverse\hf-objaverse-v1\glbs/000-112/8673cf294717420b929d72a488c8923a.glb
2fabab9066a14c029992d32431c6a753,C:\Users\L-F6404-N10259\.objaverse\hf-objaverse-v1\glbs/000-016/2fabab9066a14c029992d32431c6a753.glb
a83153e924c646fa9c0f9e041139b136,C:\Users\L-F6404-N10259\.objaverse\hf-objaverse-v1\glbs/000-074/a83153e924c646fa9c0f9e041139b136.glb
ec9970b956c94e09bac26b5c806e68c6,C:\Users\L-F6404-N10259\.objaverse\hf-objaverse-v1\glbs/000-077/ec9970b956c94e09bac26b5c806e68c6.glb
69e8d144966c4c1fba1fb8a35106dba0,C:\Users\L-F6404-N10259\.objaverse\hf-objaverse-v1\glbs/000-071/69e8d144966c4c1fba1fb8a35106dba0.glb
bd4d35196e5f4a9b838beb1325daf5a4,C:\Users\L-F6404-N10259\.objaverse\hf-objaverse-v1\glbs/000-068/bd4d35196e5f4a9b838beb1325daf5a4.glb
5df89d991d3d469b9ee6d1f35ffaf554,C:\Users\L-F6404-N10259\.objaverse\hf-objaverse-v1\glbs/000-159/5df89d991d3d469b9ee6d1f35ffaf554.glb
f8274dfd12274d2cb0224a2ac5faf987,C:\Users\L-F6404-N10259\.objaverse\hf-objaverse-v1\glbs/000-010/f8274dfd12274d2cb0224a2ac5faf987.glb
d611fdfc1ce945de86fb319587c35cf1,C:\Users\L-F6404-N10259\.objaverse\hf-objaverse-v1\glbs/000-040/d611fdfc1ce945de86fb319587c35cf1.glb
31e791f6fdcb42048b65193004ce05a9,C:\Users\L-F6404-N10259\.objaverse\hf-objaverse-v1\glbs/000-059/31e791f6fdcb42048b65193004ce05a9.glb
1c2018aabfaa42c88877cb2fe4d60c44,C:\Users\L-F6404-N10259\.objaverse\hf-objaverse-v1\glbs/000-032/1c2018aabfaa42c88877cb2fe4d60c44.glb
0e6356a258d3439b8362644bc0dec88b,C:\Users\L-F6404-N10259\.objaverse\hf-objaverse-v1\glbs/000-025/0e6356a258d3439b8362644bc0dec88b.glb
727eaad7ae154904a7f3d12a0affe14d,C:\Users\L-F6404-N10259\.objaverse\hf-objaverse-v1\glbs/000-050/727eaad7ae154904a7f3d12a0affe14d.glb
2df515e3f80242b2846cc9def064ec6c,C:\Users\L-F6404-N10259\.objaverse\hf-objaverse-v1\glbs/000-090/2df515e3f80242b2846cc9def064ec6c.glb
18187a038045445594a7fd9160ad70e5,C:\Users\L-F6404-N10259\.objaverse\hf-objaverse-v1\glbs/000-139/18187a038045445594a7fd9160ad70e5.glb
0c1f3eb0ca00451fa6531f9ccf845904,C:\Users\L-F6404-N10259\.objaverse\hf-objaverse-v1\glbs/000-116/0c1f3eb0ca00451fa6531f9ccf845904.glb
7a9f67c3d0584869927fbbfe85194187,C:\Users\L-F6404-N10259\.objaverse\hf-objaverse-v1\glbs/000-100/7a9f67c3d0584869927fbbfe85194187.glb
5ed462dfc2b34b66acc820f95a04d426,C:\Users\L-F6404-N10259\.objaverse\hf-objaverse-v1\glbs/000-120/5ed462dfc2b34b66acc820f95a04d426.glb
5e05292a6c814430a2756e4921cd091d,C:\Users\L-F6404-N10259\.objaverse\hf-objaverse-v1\glbs/000-115/5e05292a6c814430a2756e4921cd091d.glb
04629445e5b14f93bf18dcd211fa3d78,C:\Users\L-F6404-N10259\.objaverse\hf-objaverse-v1\glbs/000-000/04629445e5b14f93bf18dcd211fa3d78.glb
cc7c7d05ae2f494c8aa4067b5c556068,C:\Users\L-F6404-N10259\.objaverse\hf-objaverse-v1\glbs/000-067/cc7c7d05ae2f494c8aa4067b5c556068.glb
ea61bc6d27bd460eb328c2672279eee8,C:\Users\L-F6404-N10259\.objaverse\hf-objaverse-v1\glbs/000-086/ea61bc6d27bd460eb328c2672279eee8.glb
ada5b7de112446a0883c1f1353eddc15,C:\Users\L-F6404-N10259\.objaverse\hf-objaverse-v1\glbs/000-073/ada5b7de112446a0883c1f1353eddc15.glb
43fdb74a2d834ae28422cacdc8e12060,C:\Users\L-F6404-N10259\.objaverse\hf-objaverse-v1\glbs/000-148/43fdb74a2d834ae28422cacdc8e12060.glb
2b1bd77415b64570a4f5f4554414be5d,C:\Users\L-F6404-N10259\.objaverse\hf-objaverse-v1\glbs/000-159/2b1bd77415b64570a4f5f4554414be5d.glb
a27ef45bf8a143d2b71b863d9a379b98,C:\Users\L-F6404-N10259\.objaverse\hf-objaverse-v1\glbs/000-011/a27ef45bf8a143d2b71b863d9a379b98.glb
dbc29ea919e24504b933a85d464a8f44,C:\Users\L-F6404-N10259\.objaverse\hf-objaverse-v1\glbs/000-122/dbc29ea919e24504b933a85d464a8f44.glb
7ac053d6bcf94ca5a6a6b93058aeb21b,C:\Users\L-F6404-N10259\.objaverse\hf-objaverse-v1\glbs/000-016/7ac053d6bcf94ca5a6a6b93058aeb21b.glb
14673a6dc0a149a387b77c3c7c2e321c,C:\Users\L-F6404-N10259\.objaverse\hf-objaverse-v1\glbs/000-110/14673a6dc0a149a387b77c3c7c2e321c.glb
981d39610fb840efa2a4a1913173b049,C:\Users\L-F6404-N10259\.objaverse\hf-objaverse-v1\glbs/000-096/981d39610fb840efa2a4a1913173b049.glb
3c36dd0e07e84ac2bde20569c353ace7,C:\Users\L-F6404-N10259\.objaverse\hf-objaverse-v1\glbs/000-059/3c36dd0e07e84ac2bde20569c353ace7.glb
94555fb8cf9e42ab8d514d102899ac6b,C:\Users\L-F6404-N10259\.objaverse\hf-objaverse-v1\glbs/000-110/94555fb8cf9e42ab8d514d102899ac6b.glb
452b336b44174c8e8257eab5eaa8b674,C:\Users\L-F6404-N10259\.objaverse\hf-objaverse-v1\glbs/000-146/452b336b44174c8e8257eab5eaa8b674.glb
74611a68f6b449ebb48a62e617611037,C:\Users\L-F6404-N10259\.objaverse\hf-objaverse-v1\glbs/000-122/74611a68f6b449ebb48a62e617611037.glb
2651a32fb4dc441dab773b8b534b851f,C:\Users\L-F6404-N10259\.objaverse\hf-objaverse-v1\glbs/000-148/2651a32fb4dc441dab773b8b534b851f.glb
55cfd78f9159467f98ce58731e31979e,C:\Users\L-F6404-N10259\.objaverse\hf-objaverse-v1\glbs/000-087/55cfd78f9159467f98ce58731e31979e.glb
4caf1c2f332f4aee84246d626289b4d7,C:\Users\L-F6404-N10259\.objaverse\hf-objaverse-v1\glbs/000-022/4caf1c2f332f4aee84246d626289b4d7.glb
922e0df32fc24a2a91d25871a515e0d4,C:\Users\L-F6404-N10259\.objaverse\hf-objaverse-v1\glbs/000-143/922e0df32fc24a2a91d25871a515e0d4.glb
a00a50ecb26842b29c445d071ecc672e,C:\Users\L-F6404-N10259\.objaverse\hf-objaverse-v1\glbs/000-095/a00a50ecb26842b29c445d071ecc672e.glb
9840d5beac004d818b5b8b670aca4024,C:\Users\L-F6404-N10259\.objaverse\hf-objaverse-v1\glbs/000-141/9840d5beac004d818b5b8b670aca4024.glb
83889a7f9b964f6bb880b99ca65c144c,C:\Users\L-F6404-N10259\.objaverse\hf-objaverse-v1\glbs/000-000/83889a7f9b964f6bb880b99ca65c144c.glb
7072c044b2cf4132bdc13432285542dd,C:\Users\L-F6404-N10259\.objaverse\hf-objaverse-v1\glbs/000-076/7072c044b2cf4132bdc13432285542dd.glb
e16596122bde4624ad0adfe85c4d29ad,C:\Users\L-F6404-N10259\.objaverse\hf-objaverse-v1\glbs/000-083/e16596122bde4624ad0adfe85c4d29ad.glb
0ce76299ca3642b2bb804aebf694a6b3,C:\Users\L-F6404-N10259\.objaverse\hf-objaverse-v1\glbs/000-130/0ce76299ca3642b2bb804aebf694a6b3.glb
f1ec3599a75941b1ba52d8bee4f32ab0,C:\Users\L-F6404-N10259\.objaverse\hf-objaverse-v1\glbs/000-020/f1ec3599a75941b1ba52d8bee4f32ab0.glb
ad8d6aa0ae554474a0be8d77fdef27f3,C:\Users\L-F6404-N10259\.objaverse\hf-objaverse-v1\glbs/000-150/ad8d6aa0ae554474a0be8d77fdef27f3.glb
31fe323db905406e96b3cad6d817512d,C:\Users\L-F6404-N10259\.objaverse\hf-objaverse-v1\glbs/000-017/31fe323db905406e96b3cad6d817512d.glb
319ee0cc94e3486db3a14cc23d1039f7,C:\Users\L-F6404-N10259\.objaverse\hf-objaverse-v1\glbs/000-063/319ee0cc94e3486db3a14cc23d1039f7.glb
1b99b250bced4666b709b6d911f1f152,C:\Users\L-F6404-N10259\.objaverse\hf-objaverse-v1\glbs/000-148/1b99b250bced4666b709b6d911f1f152.glb
2568b63db4c9410a863efe11467e6851,C:\Users\L-F6404-N10259\.objaverse\hf-objaverse-v1\glbs/000-014/2568b63db4c9410a863efe11467e6851.glb
625e45f9aca946ee8307ae335509822e,C:\Users\L-F6404-N10259\.objaverse\hf-objaverse-v1\glbs/000-114/625e45f9aca946ee8307ae335509822e.glb
195c945078684c24bb3de3f069d84118,C:\Users\L-F6404-N10259\.objaverse\hf-objaverse-v1\glbs/000-098/195c945078684c24bb3de3f069d84118.glb
f654bfb8ae2b48dfac9ba5b6a86708d8,C:\Users\L-F6404-N10259\.objaverse\hf-objaverse-v1\glbs/000-079/f654bfb8ae2b48dfac9ba5b6a86708d8.glb
b43687609ad140ca87249453ab92d7ef,C:\Users\L-F6404-N10259\.objaverse\hf-objaverse-v1\glbs/000-067/b43687609ad140ca87249453ab92d7ef.glb
6147f2acab3c44c09e7883869d2c360a,C:\Users\L-F6404-N10259\.objaverse\hf-objaverse-v1\glbs/000-091/6147f2acab3c44c09e7883869d2c360a.glb
77ec465b45574d12bf527a26ece473e8,C:\Users\L-F6404-N10259\.objaverse\hf-objaverse-v1\glbs/000-027/77ec465b45574d12bf527a26ece473e8.glb
53bf56e597114c22bafed8c41c1fdc4a,C:\Users\L-F6404-N10259\.objaverse\hf-objaverse-v1\glbs/000-115/53bf56e597114c22bafed8c41c1fdc4a.glb
db9344bf45ca434fbdf4dcefab54e5c2,C:\Users\L-F6404-N10259\.objaverse\hf-objaverse-v1\glbs/000-116/db9344bf45ca434fbdf4dcefab54e5c2.glb
43671c36a613433f87b54cbe4e9c1ecc,C:\Users\L-F6404-N10259\.objaverse\hf-objaverse-v1\glbs/000-051/43671c36a613433f87b54cbe4e9c1ecc.glb
4eac596f106342b8816afae4a79400bc,C:\Users\L-F6404-N10259\.objaverse\hf-objaverse-v1\glbs/000-117/4eac596f106342b8816afae4a79400bc.glb
fed35fa514924ff480a9d7b761f977b0,C:\Users\L-F6404-N10259\.objaverse\hf-objaverse-v1\glbs/000-028/fed35fa514924ff480a9d7b761f977b0.glb
908d57cd384c4f7986741724bac5a005,C:\Users\L-F6404-N10259\.objaverse\hf-objaverse-v1\glbs/000-146/908d57cd384c4f7986741724bac5a005.glb
15d6576252d24719b32d9e686599ef56,C:\Users\L-F6404-N10259\.objaverse\hf-objaverse-v1\glbs/000-018/15d6576252d24719b32d9e686599ef56.glb
e9af14841c0a490bbf63767c844bbe96,C:\Users\L-F6404-N10259\.objaverse\hf-objaverse-v1\glbs/000-099/e9af14841c0a490bbf63767c844bbe96.glb
a6ca57363110496cae1826dc7f97992f,C:\Users\L-F6404-N10259\.objaverse\hf-objaverse-v1\glbs/000-033/a6ca57363110496cae1826dc7f97992f.glb
75ac5035d4c54eae8bc096ebcf75004c,C:\Users\L-F6404-N10259\.objaverse\hf-objaverse-v1\glbs/000-121/75ac5035d4c54eae8bc096ebcf75004c.glb
03e6f9553e6b4b59811cadbbc38b046a,C:\Users\L-F6404-N10259\.objaverse\hf-objaverse-v1\glbs/000-000/03e6f9553e6b4b59811cadbbc38b046a.glb
70cdd83b6330428cb51b92a4aa775019,C:\Users\L-F6404-N10259\.objaverse\hf-objaverse-v1\glbs/000-055/70cdd83b6330428cb51b92a4aa775019.glb
eb2de2f0434c44c9bcaa9ddd76bb8acb,C:\Users\L-F6404-N10259\.objaverse\hf-objaverse-v1\glbs/000-029/eb2de2f0434c44c9bcaa9ddd76bb8acb.glb
d1a772d68cef4db0ac72958c86ed99e7,C:\Users\L-F6404-N10259\.objaverse\hf-objaverse-v1\glbs/000-065/d1a772d68cef4db0ac72958c86ed99e7.glb
b7dd410db57047528493373df2442fd6,C:\Users\L-F6404-N10259\.objaverse\hf-objaverse-v1\glbs/000-097/b7dd410db57047528493373df2442fd6.glb
e650d7ac4c61485c9f3f37ca784afa49,C:\Users\L-F6404-N10259\.objaverse\hf-objaverse-v1\glbs/000-118/e650d7ac4c61485c9f3f37ca784afa49.glb
132b635ab00748ab905bbc279497d6d9,C:\Users\L-F6404-N10259\.objaverse\hf-objaverse-v1\glbs/000-125/132b635ab00748ab905bbc279497d6d9.glb
3ba1d322cdff4123a8e5e379e6fb7bcf,C:\Users\L-F6404-N10259\.objaverse\hf-objaverse-v1\glbs/000-010/3ba1d322cdff4123a8e5e379e6fb7bcf.glb
c801881f25e34327bac908af98051914,C:\Users\L-F6404-N10259\.objaverse\hf-objaverse-v1\glbs/000-004/c801881f25e34327bac908af98051914.glb
0fd1d0546f8e422b97a4fd5cfe959d2e,C:\Users\L-F6404-N10259\.objaverse\hf-objaverse-v1\glbs/000-014/0fd1d0546f8e422b97a4fd5cfe959d2e.glb
887ce59d9c564670950c6d5980d00a52,C:\Users\L-F6404-N10259\.objaverse\hf-objaverse-v1\glbs/000-122/887ce59d9c564670950c6d5980d00a52.glb
423a05e278474daa81019e6099082a77,C:\Users\L-F6404-N10259\.objaverse\hf-objaverse-v1\glbs/000-058/423a05e278474daa81019e6099082a77.glb
8f964a73dba945eca40abead9e4e12e5,C:\Users\L-F6404-N10259\.objaverse\hf-objaverse-v1\glbs/000-157/8f964a73dba945eca40abead9e4e12e5.glb
da8eee14e6aa499da34a93614ab38733,C:\Users\L-F6404-N10259\.objaverse\hf-objaverse-v1\glbs/000-069/da8eee14e6aa499da34a93614ab38733.glb
9151c4e13c9944cbb35f4e4ad55c1fd7,C:\Users\L-F6404-N10259\.objaverse\hf-objaverse-v1\glbs/000-013/9151c4e13c9944cbb35f4e4ad55c1fd7.glb
350ee502097f4af88163e332e32c0240,C:\Users\L-F6404-N10259\.objaverse\hf-objaverse-v1\glbs/000-044/350ee502097f4af88163e332e32c0240.glb
